shop_name,latitude,longitude,shop,houses_nearby,total_floats
Санкт-Петербург 2-я линия Васильевского островад. 41,30.283681,59.944936,Дикси,122,3225.0
Санкт-Петербург аллея Евгения Шварцад. 12кор. 1,30.457263,60.035504,Дикси,13,2504.0
Санкт-Петербург б-р Конногвардейскийд. 6,30.294865,59.931842,Дикси,41,930.0
Санкт-Петербург дорога Муринскаяд. 74кор. 1,30.454245,60.033989,Дикси,23,4833.0
Санкт-Петербург наб. Канала Грибоедовад. 97,30.301657,59.92727,Дикси,33,1035.0
Санкт-Петербург наб. Макаровад. 28,30.280897,59.948374,Дикси,52,1343.0
Санкт-Петербург наб. Морскаяд. 17кор. 3ЛИТ А,30.20993,59.943021,Дикси,14,2789.0
Санкт-Петербург наб. Обводного каналад. 124/2,30.296366,59.908457,Дикси,10,1072.0
Санкт-Петербург наб. Обводного каналад. 219-221А,30.27477,59.909617,Дикси,19,1720.0
Санкт-Петербург наб. Октябрьскаяд. 124кор. 7,30.505089,59.86172,Дикси,15,4039.0
Санкт-Петербург наб. Реки Фонтанкид. 32/1,30.344372,59.937648,Дикси,46,1081.0
Санкт-Петербург наб. Реки Фонтанкид. 77,30.327393,59.925854,Дикси,73,2251.0
Санкт-Петербург наб. Реки Фонтанкид. 82/1,30.33202,59.926467,Дикси,58,1819.0
Санкт-Петербург пер. Басковд. 33,30.361449,59.939316,Дикси,151,3595.0
Санкт-Петербург пер. Гривцовад. 9,30.314817,59.929145,Дикси,102,3215.0
Санкт-Петербург пер. Калужскийд. 7,30.38078,59.946013,Дикси,46,1740.0
Санкт-Петербург пер. Перекупнойд. 4,30.376244,59.927757,Дикси,115,3989.0
Санкт-Петербург пер. Свечнойд. 27,30.355178,59.923662,Дикси,94,2673.0
Санкт-Петербург пер. Столярныйд. 10-12,30.312086,59.927455,Дикси,79,2599.0
Санкт-Петербург пер. Фонарныйд. 8,30.305223,59.928916,Дикси,78,2305.0
Санкт-Петербург пл. Сытнинскаяд. 4,30.310047,59.957016,Дикси,38,1368.0
Санкт-Петербург пр-д. 1-й Предпортовыйд. 11лит. А,30.301549,59.843711,Дикси,7,2016.0
Санкт-Петербург пр-д. Комендантскийд. 59,30.231031,60.033585,Дикси,11,4922.0
Санкт-Петербург пр-т Металлистовд. 117,30.386754,59.97599,Дикси,8,2019.0
Санкт-Петербург пр-т Наставниковд. 8кор. 2,30.48662,59.938951,Дикси,23,3932.0
Санкт-Петербург пр-т. Авиаконструкторовд. 7,30.246276,60.011329,Дикси,14,4969.0
Санкт-Петербург пр-т. Английскийд. 40,30.286763,59.92161,Дикси,135,3711.0
Санкт-Петербург пр-т. Большевиковд. 17,30.4799,59.908164,Дикси,16,3261.0
Санкт-Петербург пр-т. Большевиковд. 71кор. 1Ц,30.478769,59.877994,Дикси,18,1491.0
Санкт-Петербург пр-т. Большеохтинскийд. 15кор. 1,30.410488,59.950983,Дикси,66,3647.0
Санкт-Петербург пр-т. Большой Васильевского островад. 29,30.280735,59.939054,Дикси,91,1933.0
Санкт-Петербург пр-т. Большой Васильевского островад. 38,30.273998,59.936039,Дикси,79,1979.0
Санкт-Петербург пр-т. Большой Сампсониевскийд. 35,30.342943,59.967002,Дикси,5,539.0
Санкт-Петербург пр-т. Большой Сампсониевскийд. 57,30.340392,59.972528,Дикси,4,461.0
Санкт-Петербург пр-т. Большой Сампсониевскийд. 96,30.332873,59.989081,Дикси,4,1082.0
Санкт-Петербург пр-т. Большойд. 58/17,30.266398,59.933839,Дикси,52,1859.0
Санкт-Петербург пр-т. Большойд. 91,30.245943,59.928492,Дикси,50,2493.0
Санкт-Петербург пр-т. Ветерановд. 160,30.144281,59.834962,Дикси,24,3146.0
Санкт-Петербург пр-т. Ветерановд. 169кор. 1,30.114124,59.836174,Дикси,4,3923.0
Санкт-Петербург пр-т. Ветерановд. 50кор. 2,30.24306,59.840713,Дикси,27,2569.0
Санкт-Петербург пр-т. Владимирскийд. 18,30.348207,59.929182,Дикси,130,3832.0
Санкт-Петербург пр-т. Вознесенскийд. 43,30.307747,59.922855,Дикси,77,2673.0
Санкт-Петербург пр-т. Гражданскийд. 118кор. 1,30.420333,60.036784,Дикси,17,3596.0
Санкт-Петербург пр-т. Гражданскийд. 4,30.380655,59.997005,Дикси,19,2126.0
Санкт-Петербург пр-т. Дачныйд. 33кор. 1,30.263236,59.836943,Дикси,29,1951.0
Санкт-Петербург пр-т. Дунайскийд. 7кор. 3,30.333107,59.828292,Дикси,13,4029.0
Санкт-Петербург пр-т. Загородныйд. 31,30.335927,59.923784,Дикси,70,2496.0
Санкт-Петербург пр-т. Заневскийд. 28,30.419884,59.930994,Дикси,17,2123.0
Санкт-Петербург пр-т. Измайловскийд. 7,30.306903,59.917136,Дикси,27,1047.0
Санкт-Петербург пр-т. Ириновскийд. 34,30.481751,59.960386,Дикси,22,2301.0
Санкт-Петербург пр-т. Испытателейд. 13,30.290086,60.005468,Дикси,13,4652.0
Санкт-Петербург пр-т. Испытателейд. 35,30.262454,60.008464,Дикси,12,3546.0
Санкт-Петербург пр-т. Каменноостровскийд. 50,30.306553,59.970736,Дикси,50,2138.0
Санкт-Петербург пр-т. Каменноостровскийд. 54,30.315877,59.939099,Дикси,29,444.0
Санкт-Петербург пр-т. Каменноостровскийд. 64кор. 1,30.302672,59.974707,Дикси,21,1411.0
Санкт-Петербург пр-т. Комендантскийд. 35кор. 1,30.24244,60.023416,Дикси,16,2963.0
Санкт-Петербург пр-т. Кондратьевскийд. 33,30.38767,59.971163,Дикси,37,2379.0
Санкт-Петербург пр-т. Короленкод. 4,30.349887,59.939942,Дикси,31,765.0
Санкт-Петербург пр-т. Космонавтовд. 17,30.347363,59.862257,Дикси,24,3292.0
Санкт-Петербург пр-т. Космонавтовд. 63кор. 1,30.357397,59.838607,Дикси,26,7818.0
Санкт-Петербург пр-т. Косыгинад. 7кор. 2,30.469624,59.942097,Дикси,11,2084.0
Санкт-Петербург пр-т. Культурыд. 11кор. 1,30.371725,60.039575,Дикси,19,3272.0
Санкт-Петербург пр-т. Культурыд. 11кор. 1,30.371725,60.039575,Дикси,19,3272.0
Санкт-Петербург пр-т. Ленинскийд. 118,30.25366,59.852366,Дикси,25,4414.0
Санкт-Петербург пр-т. Ленинскийд. 147,30.29544,59.851367,Дикси,17,1895.0
Санкт-Петербург пр-т. Ленинскийд. 75кор. 1,30.189295,59.858616,Дикси,29,8249.0
Санкт-Петербург пр-т. Ленинскийд. 76кор. 1,30.18793,59.860188,Дикси,23,7077.0
Санкт-Петербург пр-т. Ленинскийд. 82кор. 1,30.196302,59.858372,Дикси,16,6623.0
Санкт-Петербург пр-т. Ленинскийд. 95кор. 1,30.213963,59.85304,Дикси,8,3508.0
Санкт-Петербург пр-т. Лермонтовскийд. 50,30.297938,59.91249,Дикси,71,1668.0
Санкт-Петербург пр-т. Лермонтовскийд. 7/12,30.291425,59.923378,Дикси,73,2280.0
Санкт-Петербург пр-т. Леснойд. 37кор. 2,30.344632,59.980294,Дикси,4,664.0
Санкт-Петербург пр-т. Леснойд. 7,30.352115,59.963039,Дикси,18,561.0
Санкт-Петербург пр-т. Леснойд. 75,30.341237,59.988271,Дикси,3,307.0
Санкт-Петербург пр-т. Лиговскийд. 1,30.364853,59.938248,Дикси,113,2990.0
Санкт-Петербург пр-т. Лиговскийд. 161,30.348809,59.914019,Дикси,86,1875.0
Санкт-Петербург пр-т. Лиговскийд. 218,30.346285,59.907798,Дикси,62,3443.0
Санкт-Петербург пр-т. Литейныйд. 22,30.348971,59.943201,Дикси,93,2598.0
Санкт-Петербург пр-т. Луначарскогод. 104,30.411853,60.025723,Дикси,11,2433.0
Санкт-Петербург пр-т. Луначарскогод. 112,30.425229,60.022441,Дикси,11,1715.0
Санкт-Петербург пр-т. Луначарскогод. 72кор. 1,30.357757,60.038339,Дикси,19,2854.0
Санкт-Петербург пр-т. Маршакад. 4,30.446277,60.035432,Дикси,13,3327.0
Санкт-Петербург пр-т. Маршала Блюхерад. 46,30.426918,59.976256,Дикси,23,3527.0
Санкт-Петербург пр-т. Маршала Жуковад. 54кор. 1,30.207998,59.84169,Дикси,9,961.0
Санкт-Петербург пр-т. Металлистовд. 100,30.405322,59.969448,Дикси,38,3752.0
Санкт-Петербург пр-т. Металлистовд. 65,30.405691,59.970092,Дикси,42,4226.0
Санкт-Петербург пр-т. Мечниковад. 19,30.412958,59.98562,Дикси,25,3170.0
Санкт-Петербург пр-т. Московскийд. 171,30.319839,59.862321,Дикси,38,2698.0
Санкт-Петербург пр-т. Московскийд. 191А,30.316209,59.85351,Дикси,13,1300.0
Санкт-Петербург пр-т. Московскийд. 205,30.320944,59.846875,Дикси,32,3619.0
Санкт-Петербург пр-т. Наукид. 25,30.406185,60.009728,Дикси,20,4484.0
Санкт-Петербург пр-т. Наукид. 44,30.426379,60.006377,Дикси,20,2792.0
Санкт-Петербург пр-т. Наукид. 55,30.417297,60.007501,Дикси,25,4062.0
Санкт-Петербург пр-т. Невскийд. 142,30.369551,59.929587,Дикси,101,3511.0
Санкт-Петербург пр-т. Невскийд. 91,30.365213,59.930313,Дикси,73,2148.0
Санкт-Петербург пр-т. Непокоренныхд. 74,30.431868,59.994171,Дикси,10,1763.0
Санкт-Петербург пр-т. Новоизмайловскийд. 49кор. 2,30.30366,59.859461,Дикси,32,3002.0
Санкт-Петербург пр-т. Новочеркасскийд. 22/15,30.41109,59.930823,Дикси,31,2830.0
Санкт-Петербург пр-т. Новочеркасскийд. 51,30.416039,59.92428,Дикси,22,1856.0
Санкт-Петербург пр-т. Обуховской Обороныд. 110кор. 1,30.4686,59.866671,Дикси,11,1852.0
Санкт-Петербург пр-т. Обуховской Обороныд. 95кор. 2,30.431643,59.897587,Дикси,31,824.0
Санкт-Петербург пр-т. Пискаревскийд. 39,30.421312,59.978899,Дикси,14,2034.0
Санкт-Петербург пр-т. Пискаревскийд. 52,30.427196,59.991597,Дикси,11,1577.0
Санкт-Петербург пр-т. Пискарёвскийд. 145кор. 3,30.449376,60.002517,Дикси,19,1529.0
Санкт-Петербург пр-т. Просвещенияд. 31,30.342368,60.050646,Дикси,12,1766.0
Санкт-Петербург пр-т. Просвещенияд. 67,30.39333,60.040438,Дикси,13,2665.0
Санкт-Петербург пр-т. Просвещенияд. 68кор. 1,30.378984,60.044428,Дикси,19,3604.0
Санкт-Петербург пр-т. Просвещенияд. 75,30.401496,60.0386,Дикси,18,4519.0
Санкт-Петербург пр-т. Просвещенияд. 99,30.428607,60.033185,Дикси,13,4461.0
Санкт-Петербург пр-т. Пятилетокд. 18кор. 1,30.449618,59.924334,Дикси,17,2816.0
Санкт-Петербург пр-т. Пятилетокд. 9кор. 1,30.45685,59.923748,Дикси,12,1660.0
Санкт-Петербург пр-т. Северныйд. 16кор. 4,30.342836,60.031602,Дикси,14,2045.0
Санкт-Петербург пр-т. Северныйд. 18/1,30.345198,60.032115,Дикси,13,2480.0
Санкт-Петербург пр-т. Среднеохтинскийд. 44кор. 1,30.415015,59.95657,Дикси,67,2990.0
Санкт-Петербург пр-т. Среднийд. 58/36,30.268105,59.939866,Дикси,131,4807.0
Санкт-Петербург пр-т. Среднийд. 99/18,30.23908,59.932324,Дикси,73,3589.0
Санкт-Петербург пр-т. Стачекд. 101кор. 1,30.245,59.859068,Дикси,20,3043.0
Санкт-Петербург пр-т. Стачекд. 59,30.257918,59.874052,Дикси,25,2094.0
Санкт-Петербург пр-т. Стачекд. 75,30.259454,59.867145,Дикси,18,1534.0
Санкт-Петербург пр-т. Стачекд. 88,30.260703,59.868749,Дикси,38,2731.0
Санкт-Петербург пр-т. Суворовскийд. 2Б,30.366129,59.931129,Дикси,86,2293.0
Санкт-Петербург пр-т. Суворовскийд. 36,30.378822,59.941033,Дикси,66,2249.0
Санкт-Петербург пр-т. Тихорецкийд. 12кор. 1,30.367773,60.014396,Дикси,44,3057.0
Санкт-Петербург пр-т. Торезад. 21,30.360559,60.00285,Дикси,25,2752.0
Санкт-Петербург пр-т. Торезад. 39кор. 1,30.350013,60.009755,Дикси,6,744.0
Санкт-Петербург пр-т. Торезад. 82,30.337194,60.016276,Дикси,25,2024.0
Санкт-Петербург пр-т. Чкаловскийд. 18,30.291173,59.961278,Дикси,76,5123.0
Санкт-Петербург пр-т. Чкаловскийд. 56,30.302061,59.96825,Дикси,31,1670.0
Санкт-Петербург пр-т. Энгельсад. 150кор. 1,30.336089,60.056063,Дикси,4,696.0
Санкт-Петербург пр-т. Энгельсад. 63,30.321914,60.01901,Дикси,47,2772.0
Санкт-Петербург пр-т. Юнтоловскийд. 49кор. 3,30.142835,60.031211,Дикси,27,4536.0
Санкт-Петербург пр-т. Юрия Гагаринад. 1,30.33591,59.874697,Дикси,15,1060.0
Санкт-Петербург пр-т. Юрия Гагаринад. 12кор. 1,30.338389,59.862569,Дикси,21,2946.0
Санкт-Петербург тер. Гореловош. Красносельскоед. 46кор. 4,30.315877,59.939099,Дикси,29,444.0
Санкт-Петербург ул. 1-я линия Васильевского островад. 20,30.289835,59.941862,Дикси,75,1808.0
Санкт-Петербург ул. 11-я линия Васильевского островад. 14/39,30.277196,59.938166,Дикси,84,2079.0
Санкт-Петербург ул. 12-я Красноармейскаяд. 3,30.305762,59.911737,Дикси,69,1822.0
Санкт-Петербург ул. 13-я линия Васильевского островад. 64/39,30.265886,59.944981,Дикси,91,2734.0
Санкт-Петербург ул. 2-я Советскаяд. 14/4,30.37027,59.931422,Дикси,92,2604.0
Санкт-Петербург ул. 4-я линия Васильевского островад. 5,30.285307,59.940632,Дикси,83,1854.0
Санкт-Петербург ул. 5-я Советскаяд. 19,30.370638,59.934127,Дикси,144,3710.0
Санкт-Петербург ул. 6-я линия Васильевского островад. 55,30.273566,59.947879,Дикси,60,1808.0
Санкт-Петербург ул. 7-я Красноармейскаяд. 25,30.308915,59.911768,Дикси,114,2854.0
Санкт-Петербург ул. 7-я Советскаяд. 17,30.372839,59.935687,Дикси,177,4591.0
Санкт-Петербург ул. 8-я Советскаяд. 14,30.372767,59.937247,Дикси,138,4134.0
Санкт-Петербург ул. 9-я Советскаяд. 5,30.371662,59.93827,Дикси,52,1956.0
Санкт-Петербург ул. Авиационнаяд. 15,30.32539,59.855263,Дикси,27,3955.0
Санкт-Петербург ул. Автовскаяд. 3,30.266335,59.866608,Дикси,35,2588.0
Санкт-Петербург ул. Адмирала Чероковад. 22,30.134983,59.850409,Дикси,8,3533.0
Санкт-Петербург ул. Антонова-Овсеенкод. 20,30.472543,59.909829,Дикси,17,4201.0
Санкт-Петербург ул. Апрельскаяд. 6кор. 1,30.415833,59.963575,Дикси,25,3169.0
Санкт-Петербург ул. Архивнаяд. 7,30.44616,59.902298,Дикси,5,2184.0
Санкт-Петербург ул. Бабушкинад. 17,30.423953,59.895691,Дикси,39,1755.0
Санкт-Петербург ул. Бассейнаяд. 21,30.309517,59.86429,Дикси,22,2468.0
Санкт-Петербург ул. Бассейнаяд. 41,30.32195,59.864652,Дикси,23,1805.0
Санкт-Петербург ул. Благодатнаяд. 34,30.327223,59.876237,Дикси,34,2682.0
Санкт-Петербург ул. Блохинад. 15,30.301324,59.951921,Дикси,80,2782.0
Санкт-Петербург ул. Блохинад. 17,30.299312,59.952232,Дикси,87,2731.0
Санкт-Петербург ул. Большая Монетнаяд. 10,30.314835,59.96121,Дикси,56,2047.0
Санкт-Петербург ул. Большая Московскаяд. 5,30.347013,59.926372,Дикси,114,3154.0
Санкт-Петербург ул. Большая Подьяческаяд. 19,30.30525,59.924028,Дикси,105,2931.0
Санкт-Петербург ул. Большая Пушкарскаяд. 10,30.2973,59.955115,Дикси,110,3211.0
Санкт-Петербург ул. Большая Пушкарскаяд. 30,30.304271,59.959476,Дикси,118,3500.0
Санкт-Петербург ул. Бороваяд. 23/21,30.346132,59.918652,Дикси,89,2430.0
Санкт-Петербург ул. Бронницкаяд. 24,30.323899,59.913992,Дикси,141,2951.0
Санкт-Петербург ул. Бухарестскаяд. 112,30.404559,59.850305,Дикси,7,2531.0
Санкт-Петербург ул. Бухарестскаяд. 122кор. 2,30.408448,59.84485,Дикси,9,2161.0
Санкт-Петербург ул. Бухарестскаяд. 72кор. 1,30.378283,59.874024,Дикси,15,3479.0
Санкт-Петербург ул. Варшавскаяд. 112А,30.315383,59.84796,Дикси,29,3183.0
Санкт-Петербург ул. Варшавскаяд. 23А,30.310523,59.874359,Дикси,25,4265.0
Санкт-Петербург ул. Васи Алексеевад. 20/24,30.27124,59.878075,Дикси,50,3436.0
Санкт-Петербург ул. Верейскаяд. 33,30.327663,59.914015,Дикси,148,3042.0
Санкт-Петербург ул. Глухарскаяд. 9,30.218428,60.030047,Дикси,21,1316.0
Санкт-Петербург ул. Гороховаяд. 17/56А,30.316111,59.932175,Дикси,5,195.0
Санкт-Петербург ул. Гороховаяд. 56,30.329487,59.92382,Дикси,69,2375.0
Санкт-Петербург ул. Декабристовд. 17,30.301827,59.927987,Дикси,81,2350.0
Санкт-Петербург ул. Декабристовд. 56,30.285864,59.92396,Дикси,107,3222.0
Санкт-Петербург ул. Дибуновскаяд. 45,30.265239,59.985354,Дикси,33,2691.0
Санкт-Петербург ул. Дыбенкод. 25кор. 1Э,30.476792,59.904211,Дикси,22,3549.0
Санкт-Петербург ул. Есенинад. 1кор. 1,30.330511,60.028928,Дикси,5,3350.0
Санкт-Петербург ул. Есенинад. 34кор. 1,30.342674,60.05322,Дикси,11,1729.0
Санкт-Петербург ул. Жуковскогод. 4,30.350049,59.936178,Дикси,46,1278.0
Санкт-Петербург ул. Замшинад. 44,30.400768,59.975603,Дикси,48,3616.0
Санкт-Петербург ул. Замшинад. 58,30.404092,59.980105,Дикси,16,1753.0
Санкт-Петербург ул. Захарьевскаяд. 3,30.350615,59.947613,Дикси,22,627.0
Санкт-Петербург ул. Ивановскаяд. 17,30.439854,59.874454,Дикси,42,2963.0
Санкт-Петербург ул. Кавалергардскаяд. 30,30.382397,59.947311,Дикси,45,2034.0
Санкт-Петербург ул. Коллонтайд. 31кор. 1,30.483143,59.922088,Дикси,19,4089.0
Санкт-Петербург ул. Колокольнаяд. 5,30.350444,59.928474,Дикси,92,2573.0
Санкт-Петербург ул. Композиторовд. 31кор. 1,30.318195,60.060671,Дикси,5,1309.0
Санкт-Петербург ул. Корнея Чуковскогод. 10,30.456068,60.030789,Дикси,23,5097.0
Санкт-Петербург ул. Котинад. 2кор. 3,30.209292,59.856438,Дикси,12,3683.0
Санкт-Петербург ул. Краснопутиловскаяд. 20,30.268042,59.871509,Дикси,48,3030.0
Санкт-Петербург ул. Краснопутиловскаяд. 8,30.26161,59.874684,Дикси,23,1721.0
Санкт-Петербург ул. Купчинскаяд. 15Б,30.385506,59.838683,Дикси,14,3763.0
Санкт-Петербург ул. Лени Голиковад. 2,30.229612,59.847878,Дикси,28,2976.0
Санкт-Петербург ул. Ленинад. 43,30.297956,59.964904,Дикси,113,3469.0
Санкт-Петербург ул. Ленсоветад. 90,30.351989,59.832001,Дикси,6,2431.0
Санкт-Петербург ул. Летчика Лихолетовад. 14кор. 2,30.105312,59.84329,Дикси,4,4126.0
Санкт-Петербург ул. Летчика Пилютовад. 50кор. 3,30.140804,59.827107,Дикси,22,1096.0
Санкт-Петербург ул. Лидии Зверевойд. 3кор. 3,30.25392,60.039737,Дикси,8,7302.0
Санкт-Петербург ул. Малая Бухарестскаяд. 12стр. 1,30.41594,59.847268,Дикси,3,1077.0
Санкт-Петербург ул. Малая Десятиннаяд. 11,30.295045,60.03314,Дикси,18,3326.0
Санкт-Петербург ул. Маратад. 26/11,30.353112,59.926877,Дикси,113,3453.0
Санкт-Петербург ул. Маршала Говоровад. 10,30.265509,59.877935,Дикси,23,1515.0
Санкт-Петербург ул. Маршала Захаровад. 20,30.179666,59.857604,Дикси,17,3602.0
Санкт-Петербург ул. Маршала Казаковад. 13,30.236574,59.860093,Дикси,20,2523.0
Санкт-Петербург ул. Маршала Казаковад. 36,30.214493,59.859528,Дикси,7,2165.0
Санкт-Петербург ул. Маршала Тухачевскогод. 31,30.423756,59.971267,Дикси,12,3067.0
Санкт-Петербург ул. Матроса Железнякад. 57,30.316254,60.00029,Дикси,11,953.0
Санкт-Петербург ул. Миллионнаяд. 23,30.321626,59.942894,Дикси,37,1106.0
Санкт-Петербург ул. Нахимовад. 14/41,30.232873,59.942777,Дикси,37,3727.0
Санкт-Петербург ул. Новосибирскаяд. 2,30.30817,59.989211,Дикси,39,3294.0
Санкт-Петербург ул. Новочеркасскийд. 52Б,30.420872,59.922936,Дикси,39,2878.0
Санкт-Петербург ул. Олеко Дундичад. 21,30.404676,59.829043,Дикси,21,4397.0
Санкт-Петербург ул. Олеко Дундичад. 40,30.426648,59.835496,Дикси,7,2770.0
Санкт-Петербург ул. Оптиковд. 45кор. 2,30.204064,60.003673,Дикси,14,4372.0
Санкт-Петербург ул. Парашютнаяд. 54,30.243931,60.034879,Дикси,7,2800.0
Санкт-Петербург ул. Партизана Германад. 14/117,30.177105,59.834289,Дикси,16,4314.0
Санкт-Петербург ул. Парфёновскаяд. 14кор. 1,30.312697,59.900295,Дикси,7,4994.0
Санкт-Петербург ул. Пейзажнаяд. 4стр. 1,30.481419,60.013479,Дикси,7,2178.0
Санкт-Петербург ул. Пестеляд. 12,30.346204,59.942917,Дикси,101,2861.0
Санкт-Петербург ул. Планернаяд. 63кор. 1,30.220602,60.023155,Дикси,10,2255.0
Санкт-Петербург ул. Плесецкаяд. 14,30.218572,60.035256,Дикси,5,7121.0
Санкт-Петербург ул. Пулковскаяд. 6кор. 3,30.350795,59.839113,Дикси,26,8699.0
Санкт-Петербург ул. Пушкинскаяд. 20,30.356427,59.92754,Дикси,108,3683.0
Санкт-Петербург ул. Розенштейнад. 18,30.288964,59.904978,Дикси,4,1275.0
Санкт-Петербург ул. Русановскаяд. 19кор. 2,30.514189,59.864444,Дикси,12,5602.0
Санкт-Петербург ул. Рыбацкаяд. 5,30.296896,59.95885,Дикси,111,5704.0
Санкт-Петербург ул. Саблинскаяд. 13,30.30728,59.95725,Дикси,103,3351.0
Санкт-Петербург ул. Савушкина д. 136 6кор. 2,30.196221,59.989162,Дикси,13,2662.0
Санкт-Петербург ул. Савушкинад. 143кор. 1,30.20233,59.989481,Дикси,9,2437.0
Санкт-Петербург ул. Садоваяд. 25,30.32469,59.929889,Дикси,67,2414.0
Санкт-Петербург ул. Садоваяд. 68,30.296545,59.919879,Дикси,86,1778.0
Санкт-Петербург ул. Садоваяд. 8/7,30.336592,59.937008,Дикси,19,483.0
Санкт-Петербург ул. Седовад. 40,30.419399,59.890162,Дикси,41,1986.0
Санкт-Петербург ул. Седовад. 68,30.430233,59.879119,Дикси,22,1374.0
Санкт-Петербург ул. Сестрорецкаяд. 1,30.294416,59.987375,Дикси,49,2963.0
Санкт-Петербург ул. Сестрорецкаяд. 5,30.290868,59.987285,Дикси,34,2268.0
Санкт-Петербург ул. Софийскаяд. 28,30.402618,59.875384,Дикси,15,2594.0
Санкт-Петербург ул. Стахановцевд. 10кор. 3,30.408637,59.926648,Дикси,38,2646.0
Санкт-Петербург ул. Тамбовскаяд. 70,30.351891,59.908764,Дикси,66,1869.0
Санкт-Петербург ул. Типановад. 19,30.334302,59.852768,Дикси,19,1603.0
Санкт-Петербург ул. Трефолевад. 10,30.274851,59.889399,Дикси,29,1572.0
Санкт-Петербург ул. Трефолевад. 15,30.269928,59.891164,Дикси,84,2451.0
Санкт-Петербург ул. Туркуд. 2кор. 3,30.362536,59.868961,Дикси,10,1839.0
Санкт-Петербург ул. Учительскаяд. 18кор. 1,30.404954,60.032578,Дикси,7,2380.0
Санкт-Петербург ул. Фонтаннаяд. 3,30.367099,59.939176,Дикси,76,2179.0
Санкт-Петербург ул. Фрунзед. 16,30.32778,59.862415,Дикси,33,3396.0
Санкт-Петербург ул. Фрунзед. 27А,30.332451,59.861413,Дикси,22,3402.0
Санкт-Петербург ул. Чайковскогод. 2/7Р,30.342099,59.946991,Дикси,80,1887.0
Санкт-Петербург ул. Чайковскогод. 55,30.357649,59.946252,Дикси,74,1918.0
Санкт-Петербург ул. Черновад. 2,30.470495,59.86415,Дикси,14,1931.0
Санкт-Петербург ул. Чеховад. 4,30.352546,59.936922,Дикси,66,1507.0
Санкт-Петербург ул. Чудновскогод. 10,30.476262,59.924952,Дикси,9,2408.0
Санкт-Петербург ул. Яхтеннаяд. 7кор. 1,30.217089,59.988784,Дикси,20,4120.0
Санкт-Петербург ш. Ланскоед. 10кор. 1,30.306714,59.991786,Дикси,46,4634.0
Санкт-Петербург ш. Ланскоед. 24кор. 1,30.321581,59.996574,Дикси,32,2812.0
Санкт-Петербург ш. Ланскоед. 27,30.309652,59.991858,Дикси,43,4044.0
Санкт-Петербург ш. Ланскоед. 47,30.315383,59.993698,Дикси,41,4248.0
Санкт-Петербург ш. Петергофскоед. 78кор. 7,30.110361,59.846341,Дикси,33,66897.0
Санкт-Петербург ш. Революциид. 17,30.421959,59.959224,Дикси,38,3015.0
Санкт-Петербург ш. Фермскоед. 10А,30.311403,60.012174,Дикси,15,2167.0
Санкт-Петербург ш. Южноед. 55кор. 1,30.405152,59.857712,Дикси,13,4622.0
Санкт-Петербург ул. 1-я Красноармейская д. 15 лит. А,30.309086,59.916279,Лента,36,972.0
Санкт-Петербург ул. Автовская д. 15 лит. А,30.268644,59.867462,Лента,28,1859.0
Санкт-Петербург ул. Бабушкина д. 40 стр. 1,30.443258,59.877696,Лента,20,1588.0
Санкт-Петербург ул. Бестужевская д. 10,30.393788,59.987299,Лента,2,256.0
Санкт-Петербург пр. Богатырский д. 35 к. 1,30.241928,60.003858,Лента,13,2088.0
Санкт-Петербург пр. Большевиков д. 7 к. 2 стр. 1,30.471366,59.915467,Лента,12,2455.0
Санкт-Петербург пр. Большеохтинский д. 22 к. 2,30.409868,59.958724,Лента,15,2160.0
Санкт-Петербург ул. Бухарестская д. 43 к. 2,30.389961,59.860269,Лента,17,2816.0
Санкт-Петербург ул. Бухарестская д. 69 лит. А,30.397983,59.849754,Лента,4,593.0
Санкт-Петербург ул. Вербная д. 21 лит. А,30.293249,60.022544,Лента,10,2207.0
Санкт-Петербург пр. Ветеранов д. 55 лит. А,30.235936,59.839773,Лента,31,3587.0
Санкт-Петербург пр. Ветеранов д. 167 к. 1 стр. 1,30.116721,59.835962,Лента,2,2239.0
Санкт-Петербург пр. Гражданский д. 39 лит А,30.396303,60.01038,Лента,8,1052.0
Санкт-Петербург пр. Гражданский д. 111 лит. А,30.41621,60.029755,Лента,25,4299.0
Санкт-Петербург ул. Декабристов д. 37,30.289422,59.925236,Лента,75,2439.0
Санкт-Петербург пр. Дунайский д. 27 к. 1 лит. Б,30.363209,59.831865,Лента,5,1801.0
Санкт-Петербург пр. Заневский д. 38,30.431086,59.933099,Лента,5,808.0
Санкт-Петербург пр. Заневский д. 71 к. 1,30.440231,59.933302,Лента,1,5.0
Санкт-Петербург пр. Индустриальный д. 35,30.469866,59.954232,Лента,11,2591.0
Санкт-Петербург пр. Искровский д. 12,30.46312,59.911047,Лента,12,1804.0
Санкт-Петербург ул. Коллонтай д. 10 лит. А,30.452304,59.91683,Лента,3,1166.0
Санкт-Петербург пр. Комендантский д. 11В пр. Испытателей д. 37,30.264547,60.007096,Лента,19,4849.0
Санкт-Петербург пр. Комендантский д.57 к. 1 стр. 1,30.232127,60.032627,Лента,10,3755.0
Санкт-Петербург пл. Конституции д. 2 лит. А,30.30313,59.853695,Лента,27,2410.0
Санкт-Петербург пр. Костромской д. 24 лит. А,30.316524,60.015786,Лента,37,1381.0
Санкт-Петербург пр. Левашовский д. 21 лит. А,30.283107,59.966755,Лента,13,832.0
Санкт-Петербург пер. Лыжный д. 8 к. 1,30.197201,59.999633,Лента,8,3014.0
Санкт-Петербург пер. Лыжный д. 1,30.203992,59.99566,Лента,8,3855.0
Санкт-Петербург пр. Малый ВО д. 63/14 стр. 1,30.243913,59.93873,Лента,36,2748.0
Санкт-Петербург ул. Маркина д. 3 лит. А,30.307083,59.956408,Лента,41,1523.0
Санкт-Петербург пр. Маршала Блюхера д. 11 к. 1 стр. 1,30.377906,59.979565,Лента,8,4075.0
Санкт-Петербург ул. Маршала Казакова д. 72 к. 1 стр. 1,30.17185,59.867448,Лента,5,4870.0
Санкт-Петербург ул. Маршала Казакова д. 58 стр. 1,30.190544,59.862768,Лента,15,4877.0
Санкт-Петербург наб. Морская д. 15,30.212436,59.939978,Лента,6,1807.0
Санкт-Петербург пр. Московский д. 222,30.323207,59.84518,Лента,12,2156.0
Санкт-Петербург дор. Муринская д. 63 к. 1,30.453346,60.03567,Лента,12,2433.0
Санкт-Петербург ул. Новгородская д. 23 лит. А,30.390491,59.940803,Лента,14,1031.0
Санкт-Петербург ул. Новолитовская д. 15 лит. А,30.35569,59.980907,Лента,4,1427.0
Санкт-Петербург пр. Обуховской обороны д. 305 лит. А,30.483979,59.840917,Лента,5,1250.0
Санкт-Петербург наб. Октябрьская д.34 к.2 стр.1,30.438434,59.905276,Лента,3,2471.0
Санкт-Петербург ул. Парашютная д. 60 лит. А,30.239538,60.039225,Лента,2,1409.0
Санкт-Петербург ул. Парашютная д. 61 к. 4,30.255322,60.037378,Лента,3,2633.0
Санкт-Петербург ул. Парашютная д. 44 к. 5,30.250794,60.031436,Лента,9,3404.0
Санкт-Петербург пер. Перевозный д. 4,30.404056,59.931039,Лента,15,1383.0
Санкт-Петербург пр. Пискаревский д. 6,30.407092,59.961796,Лента,9,1739.0
Санкт-Петербург ул. Планерная д. 17 лит. А,30.237364,59.998661,Лента,1,209.0
Санкт-Петербург ул. Русановская д. 18 к. 2,30.511045,59.866594,Лента,3,2048.0
Санкт-Петербург ул. Руставели д. 61 лит. А,30.43494,60.031445,Лента,2,595.0
Санкт-Петербург ул. Савушкина д. 112 лит. А,30.226046,59.984634,Лента,3,766.0
Санкт-Петербург ул. Симонова д. 13 к. 2 лит. А,30.329037,60.061232,Лента,1,540.0
Санкт-Петербург ул. Социалистическая д. 21 лит. А,30.346051,59.92023,Лента,97,2990.0
Санкт-Петербург пр. Среднеохтинский д. 3 к. 1,30.414126,59.94517,Лента,45,3292.0
Санкт-Петербург пл. Стачек д. 9,30.272884,59.899906,Лента,43,1942.0
Санкт-Петербург пр. Тореза д. 77 к. 1,30.327986,60.023488,Лента,17,952.0
Санкт-Петербург ул. Туристская д. 26 стр. 1,30.208654,60.001964,Лента,14,8345.0
Санкт-Петербург пр. Ударников д. 28/32,30.469947,59.951362,Лента,18,3733.0
Санкт-Петербург ул. Уральская д. 29 лит. А,30.246833,59.956106,Лента,6,1740.0
Санкт-Петербург ул. Уральская д. 4 лит. Б,30.266048,59.950335,Лента,12,2181.0
Санкт-Петербург пер. Урхов д. 7 лит. А,30.281238,59.893046,Лента,5,344.0
Санкт-Петербург пр. Финляндский д. 4,30.342198,59.957787,Лента,3,598.0
Санкт-Петербург ул. Хасанская д. 17 лит. А,30.497543,59.934488,Лента,8,1662.0
Санкт-Петербург пр. Художников д. 11,30.345441,60.036142,Лента,19,4485.0
Санкт-Петербург пр. Чкаловский д. 50 лит. А,30.299348,59.967358,Лента,36,1455.0
Санкт-Петербург ул. Шевченко д. 17,30.246078,59.934957,Лента,37,2887.0
Санкт-Петербург пр. Шуваловский д. 40 к. 2,30.246024,60.029499,Лента,8,3570.0
Санкт-Петербург пр. Шуваловский д. 45 лит. А,30.238838,60.029625,Лента,4,3354.0
Санкт-Петербург пр. Энгельса д. 124 к. 1,30.324124,60.039908,Лента,6,1084.0
Санкт-Петербург пр. Энгельса д. 132 корп. 1,30.329343,60.047003,Лента,17,3620.0
Санкт-Петербург пр. Энгельса д. 133 к. 1 лит. В,30.33396,60.049433,Лента,13,2501.0
Санкт-Петербург пр. Юрия Гагарина д. 34/2 лит. Б,30.339835,59.846364,Лента,2,159.0
Санкт-Петербург пр. Юрия Гагарина д. 71 лит. А,30.33714,59.840239,Лента,26,2915.0
г. Санкт-Петербург проезд 1-й Предпортовый 15 1,30.303615,59.841934,Магнит,6,1946.0
г. Санкт-Петербург пер. 1-й Рабфаковский 4,30.47328,59.858168,Магнит,34,2827.0
г. Санкт-Петербург пр-кт 2-й Муринский 51,30.360514,59.998198,Магнит,13,2087.0
г. Санкт-Петербург проезд 2-й Предпортовый 6 1,30.304019,59.839895,Магнит,2,1598.0
г. Санкт-Петербург пер. 2-й Рабфаковский 16,30.476172,59.855801,Магнит,40,3276.0
г. Санкт-Петербург 26-я В.О. линия 7 стр. 1,30.260523,59.928834,Магнит,8,1506.0
г. Санкт-Петербург ул. 7-я Советская 15/19,30.372471,59.935845,Магнит,189,4845.0
г. Санкт-Петербург 8-я В.О. линия 73/23,30.271545,59.946635,Магнит,58,2020.0
г. Санкт-Петербург ул. 9-я Советская 39/24,30.379154,59.935818,Магнит,151,3984.0
г. Санкт-Петербург пр-кт Авиаконструкторов 21 корп. 4,30.23926,60.01758,Магнит,23,5816.0
г. Санкт-Петербург ул. Аккуратова 13,30.310793,60.01619,Магнит,11,2308.0
г. Санкт-Петербург ул. Александра Матросова 20 2 лит. А,30.34704,59.983374,Магнит,4,634.0
г. Санкт-Петербург пр-кт Александровской Фермы 2 а,30.454056,59.864105,Магнит,30,3922.0
г. Санкт-Петербург ул. Алтайская 16,30.327376,59.849668,Магнит,30,1897.0
г. Санкт-Петербург пер. Альпийский 30 корпус 3,30.388021,59.854517,Магнит,14,1841.0
г. Санкт-Петербург ул. Асафьева 9 2,30.32654,60.046836,Магнит,14,3128.0
г. Санкт-Петербург ул. Бабушкина 105 корп. 1,30.451118,59.867593,Магнит,33,2826.0
г. Санкт-Петербург ул. Бабушкина 26,30.430969,59.890288,Магнит,58,1444.0
г. Санкт-Петербург ул. Бабушкина 18,30.429514,59.892712,Магнит,46,1401.0
г. Санкт-Петербург ул. Белградская 40 1,30.368824,59.850057,Магнит,19,1947.0
г. Санкт-Петербург ул. Бестужевская 7корпус 5,30.389386,59.986187,Магнит,6,1790.0
г. Санкт-Петербург ул. Благодатная 40 лит. А,30.333825,59.876391,Магнит,20,1512.0
г. Санкт-Петербург ул. Богословская 6 корпус 2,30.379343,59.985611,Магнит,16,4621.0
г. Санкт-Петербург пр-кт Большеохтинский 12,30.409482,59.953358,Магнит,57,4236.0
г. Санкт-Петербург пр-кт Большой В.О. 18 литер А,30.284229,59.939068,Магнит,82,1850.0
г. Санкт-Петербург пр-кт Большой Сампсониевский 77 1,30.334391,59.987753,Магнит,3,496.0
г. Санкт-Петербург б-р Брестский 8,30.199653,59.856108,Магнит,11,5367.0
г. Санкт-Петербург ул. Бронницкая 2 70,30.320198,59.917006,Магнит,85,2134.0
г. Санкт-Петербург ул. Будапештская 71 1,30.389027,59.845356,Магнит,13,3420.0
г. Санкт-Петербург ул. Будапештская 97 2а,30.406032,59.828609,Магнит,11,2917.0
г. Санкт-Петербург ул. Будапештская 44,30.378984,59.858367,Магнит,25,3752.0
г. Санкт-Петербург ул. Бутлерова 11 4,30.402879,60.006246,Магнит,11,4156.0
г. Санкт-Петербург ул. Бухарестская 43,30.389377,59.860848,Магнит,21,3344.0
г. Санкт-Петербург ул. Бухарестская 72 1,30.378283,59.874024,Магнит,15,3479.0
г. Санкт-Петербург ул. Бухарестская 156 1,30.422983,59.830246,Магнит,6,2034.0
г. Санкт-Петербург ул. Бухарестская 74,30.381652,59.870858,Магнит,24,3687.0
г. Санкт-Петербург ул. Бухарестская 23 1,30.376154,59.873997,Магнит,14,3939.0
г. Санкт-Петербург ул. Вавиловых 13 корп. 1,30.39262,60.021946,Магнит,18,2924.0
г. Санкт-Петербург ул. Варшавская 58 лит. А,30.314709,59.860012,Магнит,35,2882.0
г. Санкт-Петербург ул. Варшавская 29 корпус 1,30.31338,59.863306,Магнит,30,3235.0
г. Санкт-Петербург ул. Варшавская 63 1,30.314116,59.849157,Магнит,36,4013.0
г. Санкт-Петербург ул. Варшавская 59,30.31364,59.852389,Магнит,27,2669.0
г. Санкт-Петербург ул. Васи Алексеева 21 лит.А,30.274366,59.876901,Магнит,44,3055.0
г. Санкт-Петербург ул. Веденеева 4,30.372435,60.022229,Магнит,17,4180.0
г. Санкт-Петербург ул. Верности 9,30.398675,60.007753,Магнит,13,2364.0
г. Санкт-Петербург пр-кт Ветеранов 120,30.183986,59.832521,Магнит,14,2687.0
г. Санкт-Петербург пр-кт Ветеранов 52,30.240985,59.839945,Магнит,16,1691.0
г. Санкт-Петербург пр-кт Ветеранов 43,30.241838,59.842174,Магнит,35,3231.0
г. Санкт-Петербург пр-кт Ветеранов 87,30.220988,59.834926,Магнит,18,2940.0
г. Санкт-Петербург пр-кт Ветеранов 143 корп. 1,30.141945,59.835844,Магнит,31,2730.0
г. Санкт-Петербург пр-кт Ветеранов 109 А,30.199132,59.833506,Магнит,21,3071.0
г. Санкт-Петербург б-р Вилькицкий 6,30.198512,59.93754,Магнит,5,3106.0
г. Санкт-Петербург ш. Выборгское 17 1,30.310478,60.054558,Магнит,7,2772.0
г. Санкт-Петербург ул. Гаванская 34 А,30.237912,59.935782,Магнит,69,4093.0
г. Санкт-Петербург пр-кт Героев 18,30.1677,59.866734,Магнит,3,3311.0
г. Санкт-Петербург пр-кт Героев 27 1,30.159103,59.861141,Магнит,2,1450.0
г. Санкт-Петербург пр-кт Гражданский 118 1 литер А,30.420333,60.036784,Магнит,17,3596.0
г. Санкт-Петербург пр-кт Гражданский 92 1лит. А,30.402744,60.019131,Магнит,16,16730.0
г. Санкт-Петербург пр-кт Гражданский 75,30.402268,60.016172,Магнит,30,2843.0
г. Санкт-Петербург пр-кт Гражданский 119 А,30.420657,60.033971,Магнит,6,979.0
г. Санкт-Петербург пр-кт Гражданский 23 корпус 1,30.391129,60.005572,Магнит,26,3820.0
г. Санкт-Петербург пр-кт Дальневосточный 12 корпус 2,30.438488,59.913731,Магнит,3,1177.0
г. Санкт-Петербург пр-кт Дальневосточный 25 корпус 1,30.453328,59.904062,Магнит,9,3114.0
г. Санкт-Петербург пр-кт Дальневосточный 33,30.458745,59.898864,Магнит,6,1943.0
г. Санкт-Петербург ул. Даниила Хармса 3 1 литера А,30.44969,60.033283,Магнит,17,3914.0
г. Санкт-Петербург пр-кт Дачный 27,30.260918,59.838132,Магнит,41,2598.0
г. Санкт-Петербург пр-кт Дачный 5 корпус 10 лит. А,30.242332,59.848204,Магнит,21,3103.0
г. Санкт-Петербург пр-кт Дачный 18,30.25507,59.842436,Магнит,40,3538.0
г. Санкт-Петербург ул. Двинская 8 3,30.250192,59.907352,Магнит,11,1319.0
г. Санкт-Петербург ул. Дегтярная 5-7 в,30.372228,59.932198,Магнит,142,3506.0
г. Санкт-Петербург ул. Демьяна Бедного 26 1,30.387688,60.046962,Магнит,24,3539.0
г. Санкт-Петербург ул. Димитрова 12 1,30.380807,59.847358,Магнит,13,2922.0
г. Санкт-Петербург ул. Долгоозёрная 12,30.244793,60.01722,Магнит,17,4398.0
г. Санкт-Петербург ул. Дудко 18 лит. А,30.428688,59.885413,Магнит,38,2901.0
г. Санкт-Петербург ул. Дыбенко 8,30.456338,59.900791,Магнит,11,4515.0
г. Санкт-Петербург ул. Дыбенко 16,30.469624,59.904505,Магнит,19,4132.0
г. Санкт-Петербург пр-кт Екатерининский 2,30.436638,59.97798,Магнит,5,2021.0
г. Санкт-Петербург ул. Ефимова 4 а,30.321545,59.925574,Магнит,21,619.0
г. Санкт-Петербург ул. Жени Егоровой 1 29а,30.306364,60.062175,Магнит,3,1693.0
г. Санкт-Петербург б-р Загребский 9лит.А,30.398801,59.844981,Магнит,5,2451.0
г. Санкт-Петербург ул. Замшина 28,30.398567,59.973379,Магнит,51,4008.0
г. Санкт-Петербург пр-кт Заневский 35 А,30.420118,59.929709,Магнит,27,2837.0
г. Санкт-Петербург ул. Земледельческая 3 1,30.328049,59.99026,Магнит,2,1320.0
г. Санкт-Петербург ул. Зины Портновой 1 3,30.255807,59.856695,Магнит,27,2090.0
г. Санкт-Петербург ул. Ижорская 13 39,30.29703,59.959431,Магнит,118,5871.0
г. Санкт-Петербург пр-кт Измайловский 16/30,30.307837,59.911159,Магнит,93,2196.0
г. Санкт-Петербург пр-кт Индустриальный 38 3,30.467692,59.953385,Магнит,11,2091.0
г. Санкт-Петербург пр-кт Индустриальный 15 лит. А,30.478355,59.941953,Магнит,13,2286.0
г. Санкт-Петербург ул. Исполкомская 12,30.38087,59.927991,Магнит,76,2615.0
г. Санкт-Петербург пр-кт Испытателей 26 2,30.267889,60.006444,Магнит,17,3227.0
г. Санкт-Петербург пр-кт КИМа 28,30.2435,59.953894,Магнит,18,1308.0
г. Санкт-Петербург ул. Камышовая 13,30.248494,60.006192,Магнит,25,4795.0
г. Санкт-Петербург остров. Канонерский 8,30.213676,59.898331,Магнит,10,1204.0
г. Санкт-Петербург ул. Караваевская 28 1,30.510057,59.832114,Магнит,25,3184.0
г. Санкт-Петербург ул. Караваевская 37,30.513947,59.829984,Магнит,32,3426.0
г. Санкт-Петербург пл. Карла Фаберже 8,30.436539,59.93452,Магнит,1,534.0
г. Санкт-Петербург пер. Клочков 2 литера А,30.461943,59.918674,Магнит,15,2744.0
г. Санкт-Петербург ул. Коллонтай 28 1,30.480889,59.9229,Магнит,5,1165.0
г. Санкт-Петербург ул. Коломенская 14 Б,30.354334,59.924555,Магнит,132,3821.0
г. Санкт-Петербург пр-кт Комендантский 71,30.221617,60.041099,Магнит,7,8343.0
г. Санкт-Петербург пр-кт Комендантский 9,30.263173,60.005549,Магнит,15,2423.0
г. Санкт-Петербург пр-кт Комендантский 28 1,30.250525,60.014009,Магнит,12,3454.0
г. Санкт-Петербург пр-кт Комендантский 64 корп. 1,30.221051,60.038762,Магнит,10,7901.0
г. Санкт-Петербург ул. Коммуны 59,30.488704,59.963079,Магнит,17,697.0
г. Санкт-Петербург пр-кт Кондратьевский 70 1,30.397633,59.983752,Магнит,15,5781.0
г. Санкт-Петербург пр-кт Кондратьевский 62 корп. 11,30.385757,59.98101,Магнит,8,2432.0
г. Санкт-Петербург пр-кт Кондратьевский 50 лит. А пом. 2Н,30.388766,59.973613,Магнит,40,2568.0
г. Санкт-Петербург пр-кт Кондратьевский 68к3,30.394641,59.983752,Магнит,8,5832.0
г. Санкт-Петербург пр-кт Кондратьевский 57 А,30.391129,59.974784,Магнит,58,4311.0
г. Санкт-Петербург пр-кт Коннолахтинский 12,30.12856,60.001514,Магнит,3,16.0
г. Санкт-Петербург пр-кт Коннолахтинский 2,30.131345,59.996196,Магнит,9,54.0
г. Санкт-Петербург ул. Константина Заслонова 26,30.344875,59.917718,Магнит,66,1771.0
г. Санкт-Петербург пр-кт Космонавтов 65 2,30.358026,59.836685,Магнит,14,4930.0
г. Санкт-Петербург пр-кт Космонавтов 25,30.348486,59.85942,Магнит,26,3453.0
г. Санкт-Петербург ул. Краснопутиловская 111,30.30764,59.848859,Магнит,20,2600.0
г. Санкт-Петербург ул. Краснопутиловская 34 а,30.274366,59.868433,Магнит,39,1944.0
г. Санкт-Петербург ул. Краснопутиловская 12,30.263963,59.873559,Магнит,39,2541.0
г. Санкт-Петербург ул. Кременчугская 19,30.370315,59.919739,Магнит,10,2641.0
г. Санкт-Петербург ул. Кржижановского 8,30.465249,59.931607,Магнит,15,3864.0
г. Санкт-Петербург ул. Крыленко 31 литера А,30.484482,59.898787,Магнит,21,2771.0
г. Санкт-Петербург ул. Крыленко 14,30.463596,59.894915,Магнит,8,1266.0
г. Санкт-Петербург ул. Крыленко 1,30.449196,59.892775,Магнит,10,5449.0
г. Санкт-Петербург ул. Крыленко 21корпус 1,30.476927,59.896987,Магнит,13,2406.0
г. Санкт-Петербург пр-кт Кузнецова 11 3,30.189071,59.861593,Магнит,20,7215.0
г. Санкт-Петербург ул. Кузнецовская 22 а,30.308691,59.871897,Магнит,23,4625.0
г. Санкт-Петербург ул. Кузнецовская 15литера А,30.316102,59.871437,Магнит,31,4103.0
г. Санкт-Петербург пр-кт Культуры 22 корп. 1 лит. А,30.374429,60.046998,Магнит,16,2990.0
г. Санкт-Петербург пр-кт Культуры 21,30.377519,60.046095,Магнит,17,2979.0
г. Санкт-Петербург ул. Купчинская 15 корпус 1,30.38494,59.839086,Магнит,16,4811.0
г. Санкт-Петербург пр-кт Лабораторный 23 1,30.386808,59.981744,Магнит,11,3710.0
г. Санкт-Петербург ул. Оптиков 34 1,30.216236,59.999764,Магнит,6,3010.0
г. Санкт-Петербург ул. Оптиков 47,30.202285,60.004069,Магнит,17,5382.0
г. Санкт-Петербург пр-кт Орлово-Денисовский 19,30.267997,60.056912,Магнит,8,2287.0
г. Санкт-Петербург ул. Парашютная 38 корпус 1,30.25313,60.028281,Магнит,14,5663.0
г. Санкт-Петербург ул. Парашютная 61 кор. 4,30.255322,60.037378,Магнит,3,2633.0
г. Санкт-Петербург ул. Парашютная 27 1 лит.А,30.268437,60.019451,Магнит,18,3654.0
г. Санкт-Петербург ул. Парашютная 23 корпус 1,30.271141,60.019203,Магнит,24,3540.0
г. Санкт-Петербург ул. Парфёновская 4 строение 1,30.312401,59.906143,Магнит,3,1254.0
г. Санкт-Петербург ш. Петергофское 45 А,30.152851,59.848384,Магнит,2,1205.0
г. Санкт-Петербург ш. Петергофское 88 3а,30.104378,59.848972,Магнит,11,673.0
г. Санкт-Петербург ш. Петергофское 84 корпус 19,30.108097,59.846002,Магнит,30,70060.0
г. Санкт-Петербург ул. Пионерстроя 23 Б,30.12892,59.83985,Магнит,16,2200.0
г. Санкт-Петербург пер. Пирогова 17,30.301998,59.92897,Магнит,71,2049.0
г. Санкт-Петербург пр-кт Пискарёвский 16 лит. А,30.409589,59.967804,Магнит,27,3269.0
г. Санкт-Петербург пр-кт Пискарёвский 25 2,30.413811,59.970623,Магнит,1,1779.0
г. Санкт-Петербург ул. Планерная 89 1,30.201054,60.03153,Магнит,3,1574.0
г. Санкт-Петербург ул. Плесецкая 6 1,30.209427,60.031701,Магнит,1,660.0
г. Санкт-Петербург ул. Плесецкая 12,30.216272,60.034146,Магнит,2,4355.0
г. Санкт-Петербург ул. Пограничника Гарькавого 16,30.147263,59.840632,Магнит,44,877.0
г. Санкт-Петербург ул. Пограничника Гарькавого 36 1,30.147928,59.83248,Магнит,41,4058.0
г. Санкт-Петербург ул. Подвойского 8 стр. 1,30.45844,59.909152,Магнит,12,2208.0
г. Санкт-Петербург ул. Подольская 23 А,30.325004,59.915007,Магнит,192,4050.0
г. Санкт-Петербург ул. Полевая Сабировская 47 1,30.273944,59.996713,Магнит,4,865.0
г. Санкт-Петербург ул. Политехническая 17 корпус 2,30.367162,59.999417,Магнит,14,2421.0
г. Санкт-Петербург пр-кт Просвещения 46 корп. 1,30.352367,60.04999,Магнит,11,3105.0
г. Санкт-Петербург пр-кт Просвещения 33 1,30.344542,60.050273,Магнит,6,285.0
г. Санкт-Петербург пр-кт Просвещения 75,30.401496,60.0386,Магнит,18,4519.0
г. Санкт-Петербург пр-кт Просвещения 49,30.371806,60.044208,Магнит,10,2063.0
г. Санкт-Петербург ул. Пулковская 10 5 лит.А,30.352942,59.835442,Магнит,19,5698.0
г. Санкт-Петербург ул. Пулковская 14,30.35163,59.834257,Магнит,17,4008.0
г. Санкт-Петербург ш. Пулковское 24 лит.А,30.326109,59.826632,Магнит,22,2985.0
г. Санкт-Петербург ш. Пулковское 42корпус 6,30.3428,59.814808,Магнит,1,3274.0
г. Санкт-Петербург пр-кт Пятилеток 14 1,30.453472,59.92336,Магнит,23,3623.0
г. Санкт-Петербург ш. Революции 37 1,30.434275,59.959634,Магнит,21,2267.0
г. Санкт-Петербург пл. Ржевская 1 А,30.510192,59.980704,Магнит,15,1606.0
г. Санкт-Петербург пр-кт Российский 14,30.472355,59.929687,Магнит,14,3395.0
г. Санкт-Петербург ул. Русановская 18,30.511719,59.866292,Магнит,10,6394.0
г. Санкт-Петербург ул. Русановская 16 корпус 4,30.507551,59.866179,Магнит,4,3258.0
г. Санкт-Петербург ул. Руставели 66 А,30.430358,60.037526,Магнит,13,2025.0
г. Санкт-Петербург ул. Руставели 12,30.435093,60.000353,Магнит,18,2008.0
г. Санкт-Петербург пр-кт Рыбацкий 17 корп. 1,30.496061,59.841871,Магнит,5,1239.0
г. Санкт-Петербург ул. Савушкина 7 3,30.29748,59.986929,Магнит,19,1204.0
г. Санкт-Петербург ул. Садовая 72/16,30.295674,59.919685,Магнит,135,2966.0
г. Санкт-Петербург ул. Садовая 43 лит. А,30.315051,59.92584,Магнит,69,2488.0
г. Санкт-Петербург пр-кт Светлановский 60 1 лит А,30.395297,60.03669,Магнит,19,3489.0
г. Санкт-Петербург пр-кт Светлановский 48,30.381301,60.025502,Магнит,11,2396.0
г. Санкт-Петербург пр-кт Светлановский 121,30.405089,60.046185,Магнит,21,3132.0
г. Санкт-Петербург пр-кт Северный 26 2,30.352232,60.032767,Магнит,12,2425.0
г. Санкт-Петербург ул. Седова 17 2 литера А,30.412015,59.894251,Магнит,34,2016.0
г. Санкт-Петербург ул. Седова 87 9,30.439575,59.869268,Магнит,40,2323.0
г. Санкт-Петербург б-р Серебристый 29 1,30.28555,60.011621,Магнит,14,5584.0
г. Санкт-Петербург б-р Сиреневый 18 1,30.363102,60.052506,Магнит,11,3003.0
г. Санкт-Петербург пр-кт Скобелевский 8,30.318572,60.01798,Магнит,58,2409.0
г. Санкт-Петербург пр-кт Славы 21 а,30.378678,59.855331,Магнит,21,3147.0
г. Санкт-Петербург пр-кт Славы 2 1,30.367818,59.855236,Магнит,12,2147.0
г. Санкт-Петербург пр-кт Славы 12 1,30.376477,59.856176,Магнит,15,2283.0
г. Санкт-Петербург пр-кт Славы 43/49,30.390608,59.858046,Магнит,14,2026.0
г. Санкт-Петербург ул. Славянская (Усть-Славянка тер.) 3 1,30.522867,59.834081,Магнит,5,1156.0
г. Санкт-Петербург ул. Славянская (Усть-Славянка тер.) 21,30.541606,59.830481,Магнит,12,4099.0
г. Санкт-Петербург ул. Смолячкова 19,30.346438,59.970853,Магнит,1,118.0
г. Санкт-Петербург пр-кт Советский (Усть-Славянка) 41 корп. 1,30.536,59.829748,Магнит,9,3743.0
г. Санкт-Петербург пр-кт Солидарности 11 А,30.490761,59.920411,Магнит,20,3779.0
г. Санкт-Петербург ул. Софийская 29 2,30.395558,59.878053,Магнит,23,3194.0
г. Санкт-Петербург ул. Софийская 28 лит. А,30.402618,59.875384,Магнит,15,2594.0
г. Санкт-Петербург ул. Софийская 47 корпус 1,30.406005,59.871062,Магнит,22,3287.0
г. Санкт-Петербург пр-кт Союзный 12 1,30.438758,59.920406,Магнит,11,3115.0
г. Санкт-Петербург пер. Спасский 14 35,30.31947,59.928131,Магнит,14,669.0
г. Санкт-Петербург пр-кт Среднеохтинский 51 13,30.416102,59.9588,Магнит,53,2753.0
г. Санкт-Петербург пр-кт Среднеохтинский 5,30.414584,59.946324,Магнит,52,3235.0
г. Санкт-Петербург ул. Среднерогатская 13,30.32954,59.821223,Магнит,7,5521.0
г. Санкт-Петербург ул. Среднерогатская 10 корп. 1,30.337293,59.825601,Магнит,6,4493.0
г. Санкт-Петербург ул. Среднерогатская 11 строение 1,30.333089,59.822715,Магнит,4,5379.0
г. Санкт-Петербург пр-кт Средний В.О. 87 3,30.249204,59.937639,Магнит,5,1300.0
г. Санкт-Петербург пр-кт Стачек 67 2,30.258744,59.871649,Магнит,30,2093.0
г. Санкт-Петербург пр-кт Стачек 75,30.259454,59.867145,Магнит,18,1534.0
г. Санкт-Петербург пр-кт Стачек 105,30.242359,59.854581,Магнит,17,2076.0
г. Санкт-Петербург пр-кт Стачек 38 лит. А,30.270261,59.887747,Магнит,44,2000.0
г. Санкт-Петербург пр-кт Стачек 1 А,30.273998,59.898702,Магнит,35,1113.0
г. Санкт-Петербург ул. Стойкости 8 лит. А,30.216443,59.827727,Магнит,25,3335.0
г. Санкт-Петербург пр-кт Суздальский 7 строение 1,30.30887,60.066522,Магнит,4,1336.0
г. Санкт-Петербург ул. Счастливая 13,30.27371,59.843769,Магнит,31,1972.0
г. Санкт-Петербург ул. Тамбасова 29 1,30.154423,59.826926,Магнит,14,1432.0
г. Санкт-Петербург ул. Тельмана 48 корпус 1,30.483224,59.893186,Магнит,22,3968.0
г. Санкт-Петербург п. Парголово ул. Тихоокеанская 18 3/1,30.315877,59.939099,Магнит,29,444.0
г. Санкт-Петербург пр-кт Тихорецкий 7,30.369192,60.013452,Магнит,44,3068.0
г. Санкт-Петербург ул. Ткачей 76,30.420486,59.891105,Магнит,43,2103.0
г. Санкт-Петербург пр-кт Товарищеский 20/27,30.486548,59.915025,Магнит,16,2652.0
г. Санкт-Петербург пр-кт Тореза 30,30.357379,60.00316,Магнит,21,2268.0
г. Санкт-Петербург пр-кт Тореза 82,30.337194,60.016276,Магнит,25,2024.0
г. Санкт-Петербург пр-кт Тореза 9 лит.А,30.364081,60.000263,Магнит,19,2592.0
г. Санкт-Петербург пр-кт Тореза 39 1 лит.А,30.350013,60.009755,Магнит,6,744.0
г. Санкт-Петербург ул. Торжковская 7 А,30.311547,59.988937,Магнит,25,2248.0
г. Санкт-Петербург дор. Торфяная 17 1,30.256436,59.995066,Магнит,2,901.0
г. Санкт-Петербург ул. Трефолева 22/25,30.270036,59.890604,Магнит,78,2179.0
г. Санкт-Петербург ул. Туристская 24 42,30.208007,60.000402,Магнит,9,2744.0
г. Санкт-Петербург ул. Турку 13 корп. 1,30.387769,59.866522,Магнит,21,3029.0
г. Санкт-Петербург пр-кт Ударников 34,30.47566,59.953362,Магнит,16,3594.0
г. Санкт-Петербург пр-кт Ударников 47,30.489971,59.955588,Магнит,10,1592.0
г. Санкт-Петербург ул. Уральская 21 1,30.252887,59.955971,Магнит,1,1360.0
г. Санкт-Петербург ул. Уточкина 3 1,30.263164,60.010106,Магнит,16,4145.0
г. Санкт-Петербург ул. Учительская 23 литера А,30.403598,60.031742,Магнит,18,4224.0
г. Санкт-Петербург ул. Учительская 19 3,30.401343,60.032182,Магнит,21,4358.0
г. Санкт-Петербург ул. Ушинского 333,30.410676,60.036362,Магнит,13,2901.0
г. Санкт-Петербург ш. Фермское 14 корп. 1,30.312742,60.012827,Магнит,13,1695.0
г. Санкт-Петербург ул. Харченко 2 корп. 12,30.350399,59.981046,Магнит,7,1607.0
г. Санкт-Петербург ул. Хошимина 9 А,30.323153,60.051931,Магнит,8,1741.0
г. Санкт-Петербург пр-кт Художников 26 1,30.352609,60.048296,Магнит,17,4283.0
г. Санкт-Петербург ул. Чудновского 10,30.476262,59.924952,Магнит,9,2408.0
г. Санкт-Петербург ул. Шевченко 11,30.245323,59.932513,Магнит,66,3635.0
г. Санкт-Петербург ул. Школьная 9,30.293868,59.988725,Магнит,38,2761.0
г. Санкт-Петербург пр-кт Шлиссельбургский 4 1,30.488776,59.842418,Магнит,16,2983.0
г. Санкт-Петербург пр-кт Шлиссельбургский 15,30.493941,59.83942,Магнит,14,2623.0
г. Санкт-Петербург пр-кт Энгельса 139/21 лит. А,30.335119,60.051499,Магнит,14,2663.0
г. Санкт-Петербург пр-кт Энгельса 22,30.326441,60.002279,Магнит,18,1790.0
г. Санкт-Петербург пр-кт Энгельса 113 1лит.А,30.325642,60.037886,Магнит,9,3207.0
г. Санкт-Петербург пр-кт Энгельса 124 1а,30.324124,60.039908,Магнит,6,1084.0
г. Санкт-Петербург пр-кт Энергетиков 26,30.436215,59.95457,Магнит,16,1907.0
г. Санкт-Петербург ш. Южное 45 корпус 2,30.413389,59.861955,Магнит,22,2497.0
г. Санкт-Петербург пр-кт Юрия Гагарина 20 7 лит.А,30.33838,59.858729,Магнит,22,2859.0
г Санкт-Петербург  Кирпичный пер  д 4,30.315886,59.93584,Перекрёсток,35,1018.0
Санкт-Петербург  ул.Думская 4 литА,30.328337,59.933113,Перекрёсток,14,471.0
г Санкт-Петербург  ул Гражданская  д 28,30.308834,59.926846,Перекрёсток,133,4039.0
Санкт-Петербург  Ефимова ул. 2.,30.320988,59.926422,Перекрёсток,20,804.0
Санкт-Петербург  Кронверкская ул.  д.5,30.313173,59.958174,Перекрёсток,63,2196.0
Санкт-Петербург  Малая Монетная ул.  2 лит Г,30.319937,59.959161,Перекрёсток,53,1881.0
Санкт-Петербург  Средний пр.  д. 39/40  38  лит. Ж,30.275183,59.941867,Перекрёсток,103,4177.0
Санкт-Петербург  Марата ул. д.86,30.339081,59.918891,Перекрёсток,22,683.0
Санкт-Петербург  Большая Разночинная ул.  д.16 лит А,30.290113,59.959332,Перекрёсток,59,2221.0
Санкт-Петербург.  Чкаловский проспект  д. 15  лит.А,30.295494,59.962904,Перекрёсток,91,3394.0
г Санкт-Петербург  пр-кт Большой В.О.  д 68 литера А,30.260191,59.932022,Перекрёсток,16,740.0
г Санкт-Петербург  Лиговский пр-кт  д 153 литера А,30.349142,59.914615,Перекрёсток,79,1701.0
г Санкт-Петербург  Левашовский пр-кт  д 13,30.286781,59.966773,Перекрёсток,1,142.0
г Санкт-Петербург  Лиговский пр-кт,30.348064,59.911543,Перекрёсток,103,2347.0
Санкт - Петербург  Кременчугская ул 11,30.371222,59.922882,Перекрёсток,17,3104.0
г Санкт-Петербург  наб Обводного канала  д 118,30.307361,59.908105,Перекрёсток,24,1356.0
Санкт-Петербург  Аптекарский просп. 18 лит.А,30.319515,59.974387,Перекрёсток,4,984.0
г Санкт-Петербург  пл Александра Невского  д 2 литера Е,30.38697,59.924799,Перекрёсток,10,267.0
Санкт-Петербург. Железноводская  ул.  д.68   лит. Б,30.233744,59.949154,Перекрёсток,15,1764.0
Санкт-Петербург  Малый пр.  д. 88  лит. А,30.230627,59.938257,Перекрёсток,15,1673.0
Санкт-Петербург  Стачек пл.  д. 7  лит. А,30.272219,59.900723,Перекрёсток,38,2537.0
г Санкт-Петербург  ул Наличная  д 44 к 2,30.231642,59.952245,Перекрёсток,18,3186.0
г Санкт-Петербург  Кондратьевский пр-кт  д 44 литер а,30.386377,59.971235,Перекрёсток,25,1639.0
Санкт-Петербург Маршала Блюхера пр-кт 9/2 лит А,30.374402,59.978903,Перекрёсток,5,2903.0
Санкт-Петербург  Свердловская наб  60  лит.В,30.409284,59.95548,Перекрёсток,39,2992.0
Санкт-Петербург  Кораблестроителей ул.  д. 31  лит. А,30.22018,59.95361,Перекрёсток,15,4611.0
Санкт-Петербург  Кораблестроителей ул.  д. 21  к. 1  лит.А,30.215706,59.945869,Перекрёсток,10,3278.0
Санкт-Петербург  Морская наб.  д. 33-35,30.218751,59.958827,Перекрёсток,14,2739.0
г Санкт-Петербург  ул Карбышева  д 9 литер а,30.35198,59.993307,Перекрёсток,2,291.0
г Санкт-Петербург  пр-кт Маршала Блюхера  д 41 литер а,30.407927,59.975279,Перекрёсток,23,2023.0
Санкт-Петербург.  пр. Энергетиков  д.8  к.1  лит.А  пом. 1Н,30.434643,59.937851,Перекрёсток,11,3885.0
г Санкт-Петербург  Коломяжский пр-кт  д 15 к 2 литер а,30.299438,60.001523,Перекрёсток,3,1657.0
г Санкт-Петербург  Заневский пр-кт  д 67 к 2,30.437644,59.933027,Перекрёсток,2,539.0
Санкт-Петербург  Богатырский пр.  д.7  лит.А  лит.Б,30.283205,59.999489,Перекрёсток,19,3581.0
г Санкт-Петербург  ул Васи Алексеева  д 4,30.264574,59.880315,Перекрёсток,3,598.0
Санкт-Петербург  Шоссе Революции  41/39  лит А,30.439773,59.959683,Перекрёсток,17,2340.0
Коломяжский  пр-т.   д.17  корп.1,30.299043,60.005437,Перекрёсток,1,704.0
г Санкт-Петербург  ул Савушкина  д 116,30.218365,59.985998,Перекрёсток,6,1522.0
Санкт-Петербург  пр-т Энергетиков  д.70  к. 1  лит. А,30.435425,59.97201,Перекрёсток,14,2437.0
г Санкт-Петербург  ул Коллонтай  д 3 литер а,30.446878,59.912914,Перекрёсток,4,4425.0
г Санкт-Петербург  пр-кт Энгельса  д 33 к 1 литера А,30.326307,60.009606,Перекрёсток,2,142.0
Санкт -Петербург  пр. Испытателей  д. 27  лит. А,30.274842,60.006948,Перекрёсток,10,4254.0
пр-т Пятилеток  д. 8  корп. 1  лит. А,30.458925,59.922345,Перекрёсток,21,3355.0
г Санкт-Петербург  ул Савушкина  д 126,30.204351,59.987407,Перекрёсток,6,1893.0
Санкт-Петербург  Уточкина ул.  д.4  к.1  лит.А  лит.Б,30.262679,60.009089,Перекрёсток,11,3401.0
Санкт-Петербург  Савушкина ул.  д. 141  лит. А,30.205789,59.990899,Перекрёсток,11,2248.0
г Санкт-Петербург  ул Белы Куна  д 3 литера А,30.379325,59.870014,Перекрёсток,12,2023.0
г Санкт-Петербург  Искровский пр-кт  д 6 к 1,30.459634,59.914398,Перекрёсток,23,3751.0
Санкт-Петербург  ул. Камышовая  д.17к1 лит.А,30.244757,60.006952,Перекрёсток,10,2044.0
Санкт-Петербург  ул. Савушкина  дом 132  корп.1  лит. А,30.198207,59.988878,Перекрёсток,9,1986.0
193318  Санкт-Петербург  Пятилеток пр-кт 2,30.465195,59.919581,Перекрёсток,10,1413.0
г Санкт-Петербург  ул Дыбенко  д 6 к 1 стр 1,30.450696,59.89969,Перекрёсток,9,4613.0
Санкт-Петербург .Индустриальный проспект  31,30.473756,59.950947,Перекрёсток,13,3047.0
г Санкт-Петербург  Комендантский пр-кт  д 24 к 1 литера А,30.251558,60.013101,Перекрёсток,16,4483.0
Оптиков  ул.  д.40/17  лит А ,30.210109,60.000371,Перекрёсток,13,7232.0
г Санкт-Петербург  ул Камышовая  д 36 стр 1,30.221725,60.008743,Перекрёсток,14,3988.0
Санкт-Петербург  Гражданский пр.  д. 41  лит. В,30.397812,60.01154,Перекрёсток,21,1424.0
Санкт-Петербург  Науки 23 лит.А корп1,30.402124,60.010807,Перекрёсток,6,2219.0
Санкт-Петербург  Лыжный пер 6  стр1,30.198988,59.999372,Перекрёсток,18,5808.0
г Санкт-Петербург  ул Долгоозёрная  д 14 к 2 литера А,30.246051,60.016775,Перекрёсток,18,4517.0
Санкт-Петербург  пр. пр-т Богатырский  д. 54/32  лит. А,30.210675,60.006201,Перекрёсток,23,7120.0
г Санкт-Петербург  ул Коллонтай  д 30 к 1,30.483646,59.92396,Перекрёсток,15,4312.0
Санкт-Петербург  Репищева ул  д.13  к.1,30.283951,60.023632,Перекрёсток,17,3488.0
г Санкт-Петербург  пр-кт Наставников  д 33 к 1 литера а,30.489432,59.949082,Перекрёсток,16,3543.0
Санкт-Петербург  Туристская д.36 корп.1 лит.А,30.211933,60.008338,Перекрёсток,23,4682.0
Санкт-Петербург  Типанова ул. д.21,30.340707,59.853288,Перекрёсток,6,1659.0
Санкт-Петербург  Наставников  д. 35  к.1  пом. 1Н,30.488237,59.950244,Перекрёсток,15,3689.0
Санкт-Петербург Стачек  пр. д.99,30.248342,59.858792,Перекрёсток,6,897.0
г Санкт-Петербург пл Конституции д 7 литера А,30.308268,59.850992,Перекрёсток,17,1774.0
Санкт-Петербург Ленская ул 12 1 лит.А,30.494211,59.940528,Перекрёсток,20,4353.0
Санкт-Петербург Ленинский пр. 137 лит.Б ,30.277717,59.851381,Перекрёсток,23,3019.0
г Санкт-Петербург ул Планерная д 49,30.228875,60.017881,Перекрёсток,14,3332.0
г Санкт-Петербург Комендантский пр-кт д 33 к 1,30.245278,60.021834,Перекрёсток,20,4706.0
Спб Щербакова 7 кор 1 ,30.298189,60.029247,Перекрёсток,18,4825.0
г Санкт-Петербург пр-кт Косыгина д 30 к 1,30.497669,59.946054,Перекрёсток,22,5604.0
Санкт-Петербург б-р Новаторов д.11 лит.А,30.267314,59.850649,Перекрёсток,39,3082.0
Санкт-Петербург ул. Подвойского д. 37,30.497085,59.917556,Перекрёсток,16,3384.0
г Санкт-Петербург пр-кт Большевиков д 27,30.485874,59.90052,Перекрёсток,13,2248.0
г Санкт-Петербург ул Планерная д 59,30.225219,60.022238,Перекрёсток,8,1953.0
Санкт-Петербург пр. Энгельса д.120,30.321213,60.036542,Перекрёсток,3,750.0
г Санкт-Петербург Ленинский пр-кт д 100 к 1,30.220045,59.85327,Перекрёсток,9,3865.0
Санкт-Петербург Лахтинский пр-кт 85 к.2,30.151297,59.993482,Перекрёсток,5,28.0
г Санкт-Петербург Ленинский пр-кт д 94 к 1,30.214817,59.854246,Перекрёсток,8,3373.0
Санкт-Петербург  Художников пр. д. 13 корп.1,30.345917,60.036784,Перекрёсток,19,4447.0
г Санкт-Петербург пр-кт Большевиков д 32 к 1,30.493366,59.895457,Перекрёсток,13,2049.0
г Санкт-Петербург ул Парашютная д 46,30.248216,60.032357,Перекрёсток,5,3156.0
Спб Дачный проспект д 9 корп.1 лит А,30.244362,59.846554,Перекрёсток,31,3139.0
Санкт Петербург Пр. Луначарского д. 60 к 1 лит а,30.340248,60.041939,Перекрёсток,26,5463.0
г Санкт-Петербург пр-кт Патриотов д 19 к 1 стр 1,30.158295,59.869187,Перекрёсток,4,2789.0
Санкт-Петербург Тихая ул. 3 строение 1,30.458242,59.861318,Перекрёсток,14,1941.0
г Санкт-Петербург ул Доблести д 17 к 1 стр 1,30.175012,59.859763,Перекрёсток,8,3008.0
Санкт-Петербург Московское шоссе7 лит.А,30.339224,59.832322,Перекрёсток,7,546.0
Санкт-Петербург Просвещения пр. д.81 лит.А лит.Б,30.406544,60.037396,Перекрёсток,12,4137.0
пр-кт Ленинский 156,30.29814696,59.85242223,Пятёрочка,25,2409.0
ул. Орджоникидзе 52лит.А,30.35884849,59.84413348,Пятёрочка,9,3012.0
б-р Загребский 45,30.41705601,59.82761278,Пятёрочка,4,940.0
ул. Будапештская 2,30.36725076,59.87372048,Пятёрочка,11,2640.0
пр-кт Шлиссельбургский 37,30.51004,59.834485,Пятёрочка,15,3137.0
пр-кт Ветеранов 16,30.254118,59.845596,Пятёрочка,36,3586.0
пр-кт Ленинский 64к.1,30.16975663,59.86444434,Пятёрочка,5,3677.0
пр-кт Новоизмайловский 40,30.30591305,59.85597001,Пятёрочка,48,4484.0
ш. Пулковское 38,30.3261245,59.82003968,Пятёрочка,7,3100.0
ул. Краснопутиловская 96,30.31235569,59.8488427,Пятёрочка,25,3412.0
ул. Бурцева 23,30.21371736,59.835546,Пятёрочка,10,1495.0
ул. Доблести 28,30.17684092,59.85100704,Пятёрочка,8,2487.0
Ленинский пр 71,30.18464697,59.85918566,Пятёрочка,25,6401.0
ул. Краснопутиловская 30,30.27223692,59.86945506,Пятёрочка,49,2836.0
ул. Среднерогатская 8,30.33667144,59.82785432,Пятёрочка,6,3328.0
пр-кт Ленинский 132,30.27296173,59.85224877,Пятёрочка,31,2966.0
Обуховской обороны пр. 116,30.47307329,59.86425664,Пятёрочка,13,2057.0
ул. Димитрова 22,30.39566702,59.85116579,Пятёрочка,17,2769.0
ул. Димитрова 18,30.38723427,59.84906581,Пятёрочка,18,3984.0
ул. Купчинская 23,30.390734,59.833922,Пятёрочка,14,2493.0
ш. Пулковское 14,30.33144578,59.83102898,Пятёрочка,1,2067.0
пр-кт Ленинский 66,30.17265513,59.86375184,Пятёрочка,10,5240.0
ул. Зорге 20,30.19327746,59.85089854,Пятёрочка,14,2686.0
ул. Орджоникидзе 44,30.345344,59.843601,Пятёрочка,4,938.0
ул. Малая Бухарестская 15,30.4161862,59.84491575,Пятёрочка,4,2477.0
пр-кт Маршала Жукова 60,30.20447166,59.83850669,Пятёрочка,25,2695.0
ул. Бухарестская 31,30.38438195,59.86575797,Пятёрочка,15,2399.0
ул. Партизана Германа 14/117,30.17761155,59.83353506,Пятёрочка,11,3523.0
ул. Пражская 35,30.399277,59.864218,Пятёрочка,12,2043.0
пр-кт Новоизмайловский 40к.2,30.306462,59.85632,Пятёрочка,50,4764.0
ул. Краснопутиловская 66,30.29861954,59.8561756,Пятёрочка,38,3275.0
ул. Орджоникидзе 61,30.362802,59.842304,Пятёрочка,21,5073.0
ул. Счастливая 14,30.27688047,59.84393324,Пятёрочка,36,2293.0
пр-кт Ветеранов 151,30.13243861,59.83581455,Пятёрочка,11,1947.0
ул. Котина 3,30.2119922,59.85663597,Пятёрочка,12,4543.0
ул. Бухарестская 132,30.41395126,59.83917984,Пятёрочка,5,1054.0
пр-кт Славы 15,30.37445768,59.85470972,Пятёрочка,14,2141.0
ул. Кузнецовская 10,30.30019578,59.8718393,Пятёрочка,17,1868.0
ул. Белградская 26,30.36373587,59.86040511,Пятёрочка,8,1206.0
ул. Софийская 33,30.39924014,59.87530186,Пятёрочка,26,3902.0
пр-кт Ленинский 147,30.2953832,59.85145742,Пятёрочка,22,2205.0
пр-кт Новоизмайловский 28,30.30611159,59.85987533,Пятёрочка,47,4191.0
пр-кт Славы 5,30.37002848,59.85417903,Пятёрочка,21,3330.0
ул. Катерников 8А,30.15719052,59.85240617,Пятёрочка,6,2646.0
ул. Адмирала Черокова 182лит.А,30.14320069,59.85297148,Пятёрочка,3,1634.0
пр-кт Ленинский 128,30.26834785,59.85246172,Пятёрочка,29,2781.0
пр-кт Трамвайный 14,30.26510947,59.85515021,Пятёрочка,23,1261.0
ул. Будапештская 11,30.36908285,59.86906016,Пятёрочка,19,2929.0
пр-кт Ленинский 95,30.21303829,59.85323728,Пятёрочка,3,1459.0
пр-кт Космонавтов 28,30.35070875,59.85974784,Пятёрочка,20,2331.0
ул. Седова 126,30.44338945,59.86744359,Пятёрочка,35,2083.0
ул. Варшавская 58,30.314709,59.860012,Пятёрочка,35,2882.0
Шлиссельбургский пр 26,30.51268846,59.835041,Пятёрочка,18,3604.0
ул. Зайцева 23,30.27105664,59.87572906,Пятёрочка,45,3045.0
Славы пр-тд. 55лит. Апом. 10Н 55,30.41427448,59.86460045,Пятёрочка,15,1558.0
ул. Бухарестская 118,30.40611568,59.84730759,Пятёрочка,9,1617.0
наб. Октябрьская 114,30.49404583,59.86367718,Пятёрочка,4,279.0
ул. Адмирала Трибуца 6,30.14757074,59.85424161,Пятёрочка,7,4089.0
Космонавтов пр 29,30.345926,59.855696,Пятёрочка,18,2565.0
ул. Будапештская 49,30.38206791,59.85267193,Пятёрочка,27,3682.0
ул. Пражская 26,30.391807,59.872725,Пятёрочка,20,3159.0
Ленинский пр 98,30.21846451,59.85380732,Пятёрочка,3,793.0
Ветеранов пр 166,30.141462,59.834994,Пятёрочка,25,2908.0
ул. Партизана Германа 5/14,30.17409909,59.8412208,Пятёрочка,9,1444.0
пр-кт Шлиссербургский 6,30.49012484,59.8420614,Пятёрочка,17,3363.0
пр-кт Народного Ополчения 115,30.26977909,59.8381894,Пятёрочка,26,2044.0
ул. Тамбасова 32,30.15688536,59.82852039,Пятёрочка,13,1576.0
ул. Пограничника Гарькавого 20,30.14726213,59.83962101,Пятёрочка,39,948.0
пр-кт Маршала Жукова 35,30.22321059,59.85608536,Пятёрочка,9,3656.0
ул. Прибрежная 4,30.51153,59.837261,Пятёрочка,15,2920.0
Ленинский пр 122,30.26008,59.852561,Пятёрочка,37,2923.0
Новоизмайловский пр 28,30.306642,59.860182,Пятёрочка,45,4002.0
ул. Ярослава Гашека 9,30.38993972,59.83182441,Пятёрочка,7,2144.0
ул. Караваевская 24,30.5069868,59.83335202,Пятёрочка,19,3264.0
ул. Краснопутиловская 55,30.27513683,59.86726491,Пятёрочка,49,2744.0
ул. Ивановская 6,30.446576,59.875742,Пятёрочка,18,1509.0
ул. Бухарестская 23,30.37847908,59.87150079,Пятёрочка,26,5267.0
ш. Московское 8,30.330589,59.839064,Пятёрочка,24,2357.0
ул. Шелгунова 4,30.46292981,59.86756056,Пятёрочка,26,3379.0
Стачек пр 105,30.240714,59.855225,Пятёрочка,21,3028.0
ул. Счастливая 5,30.27165734,59.8448966,Пятёрочка,28,1679.0
ш. Московское 38А,30.344528,59.83205435,Пятёрочка,17,2291.0
ул. Типанова 34,30.35829361,59.85259215,Пятёрочка,16,2091.0
пер. 2-Ой Рабфаковский 22,30.47588816,59.85416801,Пятёрочка,37,2484.0
ул. Отважных 10,30.16904825,59.83545546,Пятёрочка,9,1637.0
ул. Ленсовета 34лит.А,30.33073098,59.84736114,Пятёрочка,48,3527.0
ул. Будапештская 8,30.3686773,59.87132022,Пятёрочка,18,3321.0
ул. Запорожская 23,30.46650219,59.85144347,Пятёрочка,19,1072.0
ул. Зины Портновой 36,30.25677453,59.84960845,Пятёрочка,43,4008.0
ул. Седова 99,30.44350972,59.86531049,Пятёрочка,54,2786.0
ул. Белградская 40,30.36868125,59.85052553,Пятёрочка,19,1971.0
пр-кт Юрия Гагарина 42,30.33980718,59.84075985,Пятёрочка,21,2553.0
Большевиков пр 83,30.4771609,59.87205944,Пятёрочка,33,2024.0
Ветеранов пр 114,30.195198,59.832207,Пятёрочка,12,1508.0
ш. Пулковское 11,30.31869587,59.83494996,Пятёрочка,9,2751.0
ул. Летчика Пилютова 11,30.13930295,59.8398548,Пятёрочка,48,2222.0
ул. М.Каштановая 8А,30.39459814,59.84545876,Пятёрочка,11,4734.0
Шлиссельбургский пр 20,30.50636573,59.8373418,Пятёрочка,14,2826.0
ул. Пограничника Гарькавого 46,30.147883,59.827844,Пятёрочка,17,1138.0
ул. Турку 35,30.41243548,59.86679316,Пятёрочка,13,4059.0
пер. Скачков 5,30.50605803,59.83130701,Пятёрочка,12,1483.0
пр-кт Юрия Гагарина 20,30.33835287,59.85870938,Пятёрочка,23,3176.0
ул. Тамбасова 7,30.15729385,59.83813956,Пятёрочка,7,1643.0
ул. Варшавская 25,30.313183,59.864235,Пятёрочка,23,2493.0
ул. Фрунзе 23,30.32981443,59.86107392,Пятёрочка,28,3416.0
ул. Костюшко 38,30.305286,59.847449,Пятёрочка,36,3419.0
ул. Будапештская 33,30.376607,59.859181,Пятёрочка,23,3402.0
ул. Пловдивская 9,30.392279,59.841929,Пятёрочка,11,3000.0
пр-кт Витебский 41,30.36022127,59.85588282,Пятёрочка,12,2505.0
ул. Кузнецовская 11,30.31112819,59.87086431,Пятёрочка,18,4206.0
ул. Купчинская 1/5,30.3785,59.845511,Пятёрочка,18,3603.0
ул. Бабушкина 82,30.46329961,59.86396753,Пятёрочка,32,3344.0
ул. Партизана Германа 22,30.17744592,59.82939087,Пятёрочка,24,3174.0
ул. Костюшко 68,30.30922781,59.84493448,Пятёрочка,41,3490.0
пр-кт Героев 18лит.А,30.16733378,59.86628632,Пятёрочка,3,2872.0
ул. Шелгунова 12,30.456246,59.86585,Пятёрочка,36,3655.0
ул. Звездная 16,30.36574257,59.83570541,Пятёрочка,18,2768.0
пр-кт Славы 40,30.39862456,59.86138906,Пятёрочка,14,2453.0
ул. Седова 94,30.43821585,59.87275989,Пятёрочка,35,2561.0
ул. Русановская 19,30.51520828,59.8636729,Пятёрочка,12,5602.0
ул. Варшавская 122,30.31791889,59.84418025,Пятёрочка,7,960.0
пр-кт Космонавтов 63,30.3575622,59.83859454,Пятёрочка,27,7902.0
ул. Белградская 28,30.3656776,59.85785111,Пятёрочка,14,2363.0
ул. Седова 85,30.440565,59.869128,Пятёрочка,38,2331.0
ул. Варшавская 23,30.312769, 59.868681,Пятёрочка,16,2911
Дунайский пр 44А,30.39522434,59.83923639,Пятёрочка,6,2080.0
ул. М.Балканская 31,30.38401659,59.82828473,Пятёрочка,1,608.0
ул. Малая Бухарестская 4,30.41207798,59.85089844,Пятёрочка,10,3349.0
ш. Петергофское 3,30.2074411,59.84727645,Пятёрочка,15,3241.0
пр-кт Ветеранов 53/56,30.23881162,59.84096801,Пятёрочка,36,3966.0
Новоизмайловский пр 3,30.30451302,59.87355361,Пятёрочка,30,3319.0
Ленинский пр 156,30.298147,59.852412,Пятёрочка,23,2235.0
ул. Орджоникидзе 27,30.33513921,59.84404922,Пятёрочка,27,2217.0
ул. Пулковская 11,30.34870152,59.83832788,Пятёрочка,30,7687.0
ул. Будапештская 19,30.37273295,59.86438344,Пятёрочка,25,3864.0
ул. Бухарестская 158,30.42447824,59.82914044,Пятёрочка,4,1318.0
тер.Усть-Славянка ул. Славянская 18,30.53372304,59.83169387,Пятёрочка,9,3243.0
пр-кт Троицкий 14,30.29952056,59.91568395,Пятёрочка,49,1252.0
ул. Дыбенко 2,30.44616176,59.89952089,Пятёрочка,5,2527.0
ул. Малая Митрофаньевская 5,30.30748394,59.89934648,Пятёрочка,3,1211.0
пр-кт Большевиков 9,30.47397319,59.91484692,Пятёрочка,18,3709.0
пр-кт Загородный 35,30.3337943,59.92297947,Пятёрочка,52,1435.0
ул. Заставская 46,30.31416317,59.88752188,Пятёрочка,11,2751.0
ул. Шотмана 71,30.48165217,59.90080757,Пятёрочка,15,2590.0
ул. 13-Я Красноармейская 4,30.3053197,59.91506677,Пятёрочка,52,1312.0
ул. Ворошилова 3,30.444151,59.922312,Пятёрочка,14,3041.0
пр-кт Лермонтовский 9/55,30.29243329,59.9222473,Пятёрочка,101,2840.0
пр-кт Троицкий 20/36,30.29786483,59.91565939,Пятёрочка,83,2047.0
ул. Курляндская 8,30.28983,59.911314,Пятёрочка,34,1622.0
пер. Транспортный 1,30.35650753,59.9206037,Пятёрочка,67,1800.0
наб. Реки Фонтанки 121А,30.31113415,59.92067517,Пятёрочка,19,954.0
ул. Зои Космодемьянской 26,30.26347266,59.89227388,Пятёрочка,84,1833.0
Искровский пр 7,30.45952398,59.9123562,Пятёрочка,20,3425.0
Российский пр 10,30.47139154,59.92759256,Пятёрочка,9,2633.0
ул. Тельмана 56,30.48904031,59.8930481,Пятёрочка,20,3187.0
пр-кт Стачек 1,30.27443336,59.89866583,Пятёрочка,35,1113.0
Нарвский пр 22,30.274183,59.902535,Пятёрочка,50,3911.0
пр-кт Пятилеток 6,30.46118271,59.92154497,Пятёрочка,19,2834.0
ул. Коллонтай 25,30.47456735,59.92010246,Пятёрочка,10,1450.0
ул. Декабристов 14/7,30.30492027,59.92849929,Пятёрочка,109,3034.0
ул. Промышленная 19,30.25779185,59.89669411,Пятёрочка,38,486.0
ул. Дудко 18,30.427286,59.885106,Пятёрочка,35,2458.0
Шаумяна пр. 50,30.42360092,59.92553445,Пятёрочка,32,2654.0
ул. Смоленская 18лит.А,30.32535564,59.90470471,Пятёрочка,27,2817.0
ул. Мясная 19-21,30.28014896,59.91890133,Пятёрочка,64,2369.0
ул. Народная 98,30.4861837,59.88510986,Пятёрочка,25,2282.0
ул. Народная 33,30.46881526,59.88112804,Пятёрочка,33,2867.0
Товарищеский пр. 8,30.48266484,59.91875184,Пятёрочка,23,4074.0
пр-кт Среднегаванский 9,30.24431809,59.93067441,Пятёрочка,75,3944.0
Солидарности пр 14,30.49615272,59.91844856,Пятёрочка,9,1523.0
ул. Коллонтай 41,30.49560011,59.9248054,Пятёрочка,15,2774.0
ул. Садовая 69,30.29745656,59.92044616,Пятёрочка,80,1884.0
Дальневосточный пр 30,30.46217901,59.899619,Пятёрочка,17,2453.0
Товарищеский пр 20/27,30.48651728,59.91498047,Пятёрочка,15,2555.0
ул. Шотмана 7,30.47930454,59.90034691,Пятёрочка,15,2739.0
Большевиков пр 21,30.48302573,59.90515367,Пятёрочка,14,3157.0
ул. Бабушкина 9,30.42114791,59.89684627,Пятёрочка,29,1831.0
ул. Достоевского 30,30.34806931,59.92364399,Пятёрочка,148,4063.0
ул. Кременчугская 9,30.37005647,59.92377492,Пятёрочка,16,3140.0
ул. Заставская 22,30.32762842,59.88864352,Пятёрочка,8,161.0
ул. Шотландская 3,30.24393588,59.90693937,Пятёрочка,11,1672.0
ул. Курская 28/32,30.3537821,59.91145072,Пятёрочка,55,1559.0
ул. Егорова 25,30.31395231,59.91005626,Пятёрочка,92,2555.0
ул. Народная 2,30.45801638,59.88017002,Пятёрочка,21,2117.0
пр-кт Рижский 54,30.27632162,59.91318954,Пятёрочка,61,3857.0
Полтавский пр 2,30.36747834,59.92618525,Пятёрочка,29,1862.0
ул. Стрельбищенская 16,30.36028339,59.8865265,Пятёрочка,40,1985.0
пр-кт Невский 146,30.37100596,59.92901956,Пятёрочка,85,3576.0
ул. Марата 65/20,30.34491367,59.92157749,Пятёрочка,77,2570.0
ул. Тельмана 33,30.47953375,59.89226908,Пятёрочка,11,2163.0
Российский пр 15,30.475269,59.929455,Пятёрочка,12,2777.0
ул. Дыбенко 14,30.4654419,59.90322939,Пятёрочка,21,4345.0
ул. Белы Куны 24,30.39187098,59.87673405,Пятёрочка,16,2206.0
пр-кт Дальневосточный 12,30.43854387,59.91363906,Пятёрочка,3,2495.0
ул. Прилукская 15,30.34566008,59.90981361,Пятёрочка,93,1835.0
ул. Народная 55,30.47667901,59.88275904,Пятёрочка,37,3527.0
ул. Народная 16,30.46496453,59.88106648,Пятёрочка,28,2486.0
пр-кт Лиговский 107лит.А,30.35362179,59.92090376,Пятёрочка,116,3070.0
Английский пр 16,30.28345124,59.92562658,Пятёрочка,56,1672.0
пр-кт Новочеркасский 36,30.41387762,59.92747821,Пятёрочка,40,3670.0
ул. Крупской 35,30.42464583,59.88889316,Пятёрочка,59,2209.0
пр-кт Московский 73,30.31285116,59.90384723,Пятёрочка,5,4118.0
пр-кт Новочеркасский 52,30.42015029,59.92294466,Пятёрочка,39,2878.0
ул. Двинская 3,30.2556648,59.90938007,Пятёрочка,7,553.0
ул. Маршала Говорова 16,30.269245,59.881783,Пятёрочка,17,1378.0
ул. Черняховского 16/5,30.35703733,59.91795347,Пятёрочка,60,1296.0
ул. Стрельбищенская 13,30.35895582,59.88643856,Пятёрочка,44,2167.0
пр-кт Лермонтовский 48,30.29794024,59.9130785,Пятёрочка,67,1631.0
ул. Коллонтай 12,30.45787044,59.917453,Пятёрочка,13,2623.0
Дальневосточный пр 42,30.46407368,59.89401203,Пятёрочка,15,2960.0
ул. Народная 3,30.460728,59.87848296,Пятёрочка,14,2248.0
наб. Реки Пряжки 34,30.2808026,59.92221742,Пятёрочка,107,3107.0
пр-кт Измайловский 4,30.30841093,59.91543017,Пятёрочка,61,1490.0
ул. Курляндская 22-24,30.28291328,59.91165598,Пятёрочка,52,3149.0
ул. Кржижановского 17,30.48361958,59.92915947,Пятёрочка,5,1274.0
ул. Крыленко 1,30.45246196,59.89309073,Пятёрочка,8,4103.0
пр-кт Московский 139,30.31579624,59.87756326,Пятёрочка,24,3261.0
ул. Правды 22,30.33900193,59.92103712,Пятёрочка,47,1410.0
ул. Народная 39,30.47190347,59.88189259,Пятёрочка,38,3437.0
пер. Ногина 3,30.42572514,59.89982568,Пятёрочка,26,1264.0
пр-кт Маршала Блюхера 40,30.422696,59.976324,Пятёрочка,13,2223.0
Кушелевская дор. 5,30.37212861,59.98870758,Пятёрочка,13,4321.0
пр-кт Косыгина 31,30.49817246,59.94495637,Пятёрочка,17,4527.0
пр-кт Маршала Блюхера 11,30.37701635,59.97945317,Пятёрочка,8,4075.0
пр-кт Шаумяна 8,30.41611962,59.93605597,Пятёрочка,1,1151.0
ул. Кирочная 45,30.37897205,59.94285402,Пятёрочка,53,2268.0
Пискарёвский пр 39,30.420966,59.978629,Пятёрочка,12,1874.0
ул. Коммуны 50,30.490621,59.959159,Пятёрочка,17,1878.0
ул. Шевченко 27,30.242684,59.938093,Пятёрочка,50,3154.0
ул. Кораблестроителей 30лит.А,30.216643,59.951911,Пятёрочка,8,3108.0
пр. В.О. Малый 52,30.261257,59.94252,Пятёрочка,46,1599.0
11-я В.О. линия 38,30.2722879,59.94228247,Пятёрочка,87,4004.0
ул. 2-Я В.О. Линия 37,30.28471882,59.9443367,Пятёрочка,115,3020.0
ул. Маршала Тухачевского 3,30.43234636,59.96199714,Пятёрочка,22,3306.0
ул. Нахимова 11лит.А,30.22042764,59.94175465,Пятёрочка,12,2192.0
ул. Чапаева 15,30.33152625,59.96092049,Пятёрочка,12,568.0
9-ая линия ВО 64,30.27114438,59.94636198,Пятёрочка,78,2608.0
ш. Революции 8,30.41402706,59.95964428,Пятёрочка,35,2202.0
ул. Литовская 8,30.35349932,59.97908776,Пятёрочка,6,1633.0
б-р Вилькицкий 7,30.1969906,59.93765348,Пятёрочка,5,3962.0
б-р Вилькицкий 4,30.20170329,59.93929051,Пятёрочка,8,4552.0
ул. Моисеенко 22,30.38794445,59.93825402,Пятёрочка,27,1187.0
пр-кт Маршала Блюхера 9,30.37363767,59.97827437,Пятёрочка,6,3004.0
Индустриальный пр. 35,30.47063209,59.95353391,Пятёрочка,12,2811.0
наб. Морская 39,30.22880536,59.96037182,Пятёрочка,13,2377.0
пр-кт Пискаревский 20 литерА,30.410488,59.970065,Пятёрочка,23,2611.0
ул. Бестужевская 9,30.40087568,59.98391674,Пятёрочка,25,3449.0
ул. Гаванская 19/100,30.24079829,59.93126651,Пятёрочка,86,4400.0
ул. Наличная 44,30.23141202,59.95194967,Пятёрочка,18,2934.0
пр-кт Энергетиков 50,30.43595757,59.96531234,Пятёрочка,12,2534.0
пр-кт Ириновский 27,30.47356735,59.9570279,Пятёрочка,16,3547.0
ул. Хасанская 10,30.48373,59.936944,Пятёрочка,15,2715.0
пр-кт Металлистов 77,30.403102,59.97066,Пятёрочка,41,3492.0
ул. Наличная 32,30.2274619,59.944169,Пятёрочка,17,3089.0
ул. Наличная 38,30.23001291,59.94688371,Пятёрочка,12,2321.0
17-я В.О.линия 12,30.27097699,59.93475,Пятёрочка,72,2106.0
пл. Ленина 8/8,30.35501236,59.95700021,Пятёрочка,27,922.0
Среднеохтинский пр 3,30.41422976,59.94523185,Пятёрочка,44,3306.0
Индустриальный пр. 30/23,30.470355,59.95054,Пятёрочка,17,3919.0
Кондратьевский пр 48,30.387532,59.97214,Пятёрочка,38,2524.0
наб. Новосмоленская 1,30.229177,59.949218,Пятёрочка,14,2852.0
ул. Гаванская 45,30.238152,59.937613,Пятёрочка,65,4512.0
Индустриальный пр. 10,30.475301,59.939157,Пятёрочка,8,1774.0
ул. Пионерская 21,30.29077509,59.95792767,Пятёрочка,75,2237.0
ш. Рябовское 101,30.50809321,59.98006683,Пятёрочка,23,1773.0
ул. Бестужевская 7,30.3867312,59.98429979,Пятёрочка,12,3766.0
пр-кт Пискаревский 10,30.40827795,59.96443863,Пятёрочка,15,2126.0
ул. Дибуновская 37,30.26979133,59.98605756,Пятёрочка,46,2149.0
ул. Белоостровская 35,30.31124019,59.98841841,Пятёрочка,35,2956.0
ул. Беринга 23,30.23893397,59.94442207,Пятёрочка,29,3123.0
24-я линия Васильевского Острова 25,30.25598785,59.9369016,Пятёрочка,14,1330.0
ул. Кирочная 24,30.35742309,59.94422485,Пятёрочка,58,1645.0
пр-кт Среднеохтинский 4,30.41376521,59.9470731,Пятёрочка,45,2397.0
ул. Савушкина 139,30.20666642,59.98891605,Пятёрочка,16,3236.0
пр-кт Новочеркасский 12,30.40961697,59.93577492,Пятёрочка,21,2047.0
ул. Савушкина 136,30.19693,59.989027,Пятёрочка,13,2625.0
ул. Савушкина 115,30.2354609,59.98754908,Пятёрочка,10,2269.0
Наставников пр 24,30.48916702,59.94576144,Пятёрочка,9,1772.0
ул. Ленская 6,30.48502436,59.941233,Пятёрочка,17,3411.0
пр-кт Индустриальный 34,30.46981842,59.9520162,Пятёрочка,13,3044.0
наб. Свердловская 62,30.40895705,59.9530964,Пятёрочка,49,3735.0
Пискарёвский пр 19,30.41206775,59.96607969,Пятёрочка,11,1400.0
ул. Б.Пороховская 50,30.430834,59.953463,Пятёрочка,23,2849.0
Наставников пр 47,30.48083547,59.95731749,Пятёрочка,27,3310.0
Полюстровский пр 3,30.412389,59.962733,Пятёрочка,16,2077.0
Индустриальный пр. 27,30.47518,59.949096,Пятёрочка,9,2337.0
ул. Шевченко 17,30.24622881,59.93500061,Пятёрочка,34,2692.0
наб. Реки Смоленки 32,30.26245074,59.95014932,Пятёрочка,4,2029.0
пр-кт Малый Сампсониевский 2,30.3410813,59.96807874,Пятёрочка,3,230.0
ул. Большая Пушкарская 44,30.3073463,59.96133158,Пятёрочка,117,3222.0
пр-кт Металлистов 15,30.422499,59.9519072,Пятёрочка,31,2396.0
ул. Стремянная 1/6,30.34819945,59.93121319,Пятёрочка,111,3144.0
ул. Маршала Тухачевского 23,30.42825093,59.9682988,Пятёрочка,8,3048.0
ул. Караванная 1,30.34076857,59.93698362,Пятёрочка,20,556.0
Наставников пр 18,30.48907932,59.94325364,Пятёрочка,17,3113.0
ул. Кораблестроителей 36/1,30.21705585,59.95509314,Пятёрочка,17,5009.0
Ударников пр 27,30.47678628,59.95224243,Пятёрочка,16,3413.0
пр-кт Кима 4лит.В,30.24202692,59.94882215,Пятёрочка,18,2303.0
ул. Чайковского 81лит.А,30.36630659,59.94616995,Пятёрочка,24,682.0
Кондратьевский пр 62,30.393612,59.979348,Пятёрочка,22,4082.0
пр-кт Приморский 137,30.215036,59.983223,Пятёрочка,8,3169.0
ул. Беговая 3,30.20538033,59.98607491,Пятёрочка,8,1938.0
Наставников пр 3,30.489333,59.936925,Пятёрочка,16,2737.0
ул. Ворошилова 31,30.46363223,59.93291375,Пятёрочка,9,2623.0
ул. Малая Пушкарская 20/4,30.3059948,59.9592871,Пятёрочка,123,3784.0
ул. Белоостровская 3,30.3321955,59.9849379,Пятёрочка,1,35.0
ул. Замшина 28,30.39869316,59.97346814,Пятёрочка,50,3953.0
ул. Шевченко 24,30.24284415,59.93610765,Пятёрочка,51,3537.0
9-я В.О. линия 42,30.27523935,59.94267595,Пятёрочка,110,4624.0
ул. Александра Матросова 20,30.34926099,59.9843836,Пятёрочка,3,628.0
ул. Репнинская 7,30.42728615,59.98717007,Пятёрочка,17,1991.0
ул. 4-Ая Советская 16/10,30.36954045,59.9338708,Пятёрочка,149,4038.0
пр-кт Литейный 43,30.34796038,59.93898852,Пятёрочка,65,1872.0
пр-кт Кима 6,30.24603307,59.95086213,Пятёрочка,28,2300.0
ул. Шаврова 5,30.22748901,60.02112895,Пятёрочка,11,2491.0
пр-кт Испытателей 33,30.26309758,60.00831444,Пятёрочка,16,4549.0
пр-кт Пискаревский 147,30.4472514,60.00296045,Пятёрочка,15,1002.0
ул. Туристская 18,30.20568672,59.99639406,Пятёрочка,7,2728.0
пр-кт Комендантский 69,30.22355183,60.03988037,Пятёрочка,9,11620.0
пр-кт Тореза 40,30.35237622,60.00697171,Пятёрочка,13,1644.0
пр-кт Богатырский 4,30.29375284,59.99959628,Пятёрочка,17,4443.0
ул. Стародеревенская 19,30.247918,60.000118,Пятёрочка,19,2846.0
Авиаконструкторов пр 35,30.23449744,60.02116418,Пятёрочка,24,5923.0
ул. Парашютная 40,30.2520819,60.02875461,Пятёрочка,15,6150.0
пр-кт Непокоренных 6к.1,30.37174126,59.99775221,Пятёрочка,17,2498.0
пр-кт Комендантский 64,30.22247484,60.03861513,Пятёрочка,12,10340.0
Науки пр 28,30.41821163,60.01040211,Пятёрочка,36,5434.0
Королева пр 46,30.25069132,60.02232935,Пятёрочка,21,4578.0
пр-кт Богатырский 10,30.27937154,59.99808191,Пятёрочка,10,2466.0
ул. Верности 10,30.407372,60.00811149,Пятёрочка,18,3463.0
пр-кт Художников 15,30.34576433,60.03755252,Пятёрочка,22,4740.0
ул. Авиаконструкторов 32,30.22487709,60.02619197,Пятёрочка,19,3418.0
пр-кт Богатырский 41,30.23919689,60.0038765,Пятёрочка,15,2694.0
пр-кт Юнтоловский 51,30.14310352,60.03322502,Пятёрочка,16,2941.0
пр-кт Богатырский 66,30.19887362,60.00665128,Пятёрочка,12,3566.0
пр-кт Королева 65,30.24139146,60.03304752,Пятёрочка,2,1313.0
пр-кт Королёва 7,30.29068036,60.01066927,Пятёрочка,7,2613.0
пр-кт Пархоменко 7,30.3341798,60.00002096,Пятёрочка,25,2214.0
пр-кт Гражданский 89/71,30.407136,60.02084869,Пятёрочка,18,3197.0
ул. Ушинского 5,30.40563604,60.02919291,Пятёрочка,15,2797.0
ул. Школьная 3,30.29856937,59.98935945,Пятёрочка,33,2298.0
пр-кт Науки 44,30.428091,60.005914,Пятёрочка,13,1971.0
пр-кт 2-Й Муринский 30,30.35258225,60.00029694,Пятёрочка,13,1260.0
пр-кт Королева 27к.1,30.27128634,60.01296238,Пятёрочка,15,2964.0
ул. Щербакова 11,30.29646397,60.0286211,Пятёрочка,19,4368.0
пр-кт Науки 21,30.400316,60.010856,Пятёрочка,2,795.0
ул. Есенина 5,30.33146847,60.0371807,Пятёрочка,9,3125.0
2-й Муринский пр. 10,30.333221,60.003116,Пятёрочка,27,2228.0
Авиаконструкторов пр 49А,30.22373597,60.02788743,Пятёрочка,20,3405.0
Гражданский пр. 84,30.39935422,60.01587525,Пятёрочка,31,2740.0
Удельный пр 17,30.31628425,60.0150336,Пятёрочка,23,980.0
ул. Аллея Поликарпова 1,30.293897,60.007646,Пятёрочка,13,4117.0
пр-кт Гражданский 13,30.3875426,60.001971,Пятёрочка,14,2358.0
пр-кт Богатырский 63,30.20218237,60.0087673,Пятёрочка,14,2135.0
ш. Ланское 12,30.3089484,59.99250688,Пятёрочка,50,5050.0
Комендантский пр 38,30.23996002,60.02221885,Пятёрочка,18,3743.0
ул. Байконурская 9,30.27613637,60.00191424,Пятёрочка,9,2206.0
пр-кт Луначарского 86,30.384986,60.032734,Пятёрочка,14,2528.0
ул. Стародеревенская 20,30.24335154,59.99981671,Пятёрочка,14,2844.0
ул. Стародеревенская 25,30.24784595,60.00480711,Пятёрочка,24,4273.0
ул. Ильюшина 3,30.25280853,60.00852572,Пятёрочка,15,3377.0
ул. Яхтенная 38,30.22440116,60.00702118,Пятёрочка,16,4044.0
ул. Оптиков 32,30.21829166,59.99951987,Пятёрочка,8,4518.0
пр-кт Гражданский 116,30.4185139,60.03518943,Пятёрочка,1,281.0
ш. Ланское 55,30.31673389,59.9941476,Пятёрочка,41,3069.0
пр-кт Гражданский 104,30.41174581,60.0281921,Пятёрочка,23,3884.0
пр-кт Новоколомяжский 4,30.29749395,60.02516693,Пятёрочка,6,2385.0
ул. Оптиков 46,30.20618971,60.00099926,Пятёрочка,13,5427.0
пр-кт Тореза 2,30.361595,59.999124,Пятёрочка,18,3001.0
Авиаконструкторов пр 10А,30.24208,60.012633,Пятёрочка,11,3653.0
Гражданский пр. 105,30.41218187,60.02636931,Пятёрочка,15,3265.0
ул. Карпинского 38,30.42957901,60.01310657,Пятёрочка,26,3754.0
Тихорецкий пр 10,30.367992,60.013444,Пятёрочка,44,2842.0
ул. Софьи Ковалевской 3,30.41141122,60.01244598,Пятёрочка,28,3589.0
пр-кт Маршака 10,30.44760698,60.03337777,Пятёрочка,11,2586.0
ул. Софьи Ковалевской 12,30.41008994,60.01521154,Пятёрочка,33,5105.0
пр-кт Просвещения 75,30.40220875,60.0385512,Пятёрочка,18,5452.0
ул. Бутлерова 13,30.40509654,60.00932583,Пятёрочка,11,3495.0
пр-кт Юнтоловский 47,30.13968364,60.03167742,Пятёрочка,19,3246.0
ул. Байконурская 28,30.27948236,60.01551068,Пятёрочка,1,282.0
пр-кт Светлановский 35,30.34430864,60.00896854,Пятёрочка,8,1214.0
ул. Оптиков 47,30.20208972,60.0031906,Пятёрочка,11,4537.0
ул. Яхтенная 24к.2,30.21791017,59.99759671,Пятёрочка,7,3770.0
пр-кт Богатырский 5,30.2910862,60.00050144,Пятёрочка,15,3366.0
пр-кт Луначарского 80,30.374562,60.035579,Пятёрочка,19,3996.0
Науки пр 10,30.391321,60.015128,Пятёрочка,23,4332.0
ул. Лиственная 20,30.33853682,60.02819427,Пятёрочка,1,1312.0
пр-кт Науки 2,30.37596326,60.01773151,Пятёрочка,18,2496.0
ул. Парашютная 10,30.28576588,60.01578163,Пятёрочка,12,3725.0
наб. Реки Каменки 17,30.27264091,60.0541298,Пятёрочка,3,720.0
пр-кт Просвещения 74,30.38899435,60.04426252,Пятёрочка,12,1756.0
ул. Есенина 22,30.337003,60.04621,Пятёрочка,9,2143.0
Культуры пр 22,30.375206,60.047941,Пятёрочка,23,4240.0
ул. Композиторов 5,30.317675,60.05052,Пятёрочка,9,4026.0
пр-кт Просвещения 76,30.395163,60.041051,Пятёрочка,16,3242.0
Культуры пр 25,30.378949,60.047557,Пятёрочка,19,2948.0
Луначарского пр 52,30.333388,60.043322,Пятёрочка,14,3516.0
ул. Жени Егоровой 4,30.30752837,60.06350582,Пятёрочка,2,672.0
Просвещения пр 30,30.32877629,60.05483645,Пятёрочка,7,2449.0
Луначарского пр 60,30.34041025,60.04189216,Пятёрочка,21,4094.0
пр-кт Художников 24,30.351714,60.047054,Пятёрочка,12,3179.0
Энгельса пр 128,30.326748,60.043447,Пятёрочка,14,4214.0
б-р Сиреневый 6,30.35123724,60.05457587,Пятёрочка,7,2545.0
Художников пр 45,30.36005516,60.05472714,Пятёрочка,11,2722.0
Художников пр 32,30.35603247,60.05254832,Пятёрочка,15,4889.0
пр-кт Художников 22,30.34945724,60.04444979,Пятёрочка,18,4078.0
ул. Тимуровская 8,30.39607948,60.04605589,Пятёрочка,19,2532.0
ул. Брянцева 19,30.40982264,60.04236288,Пятёрочка,25,5017.0
пр-кт Просвещения 48,30.35370722,60.04969293,Пятёрочка,14,3616.0
ш. Выборгское 7,30.3173258,60.04298292,Пятёрочка,8,760.0
пр-кт Энгельса 145,30.33821041,60.05565032,Пятёрочка,14,2392.0
Выборгское шоссе 33 к1,30.302402,60.065328,Верный,4,1336.0
Суздальское шоссе 12 лит А,30.289655,60.06311,Верный,6,631.0
Суздальское шоссе 22 к4 ст1,30.275974,60.058479,Верный,8,2076.0
Симонова 1,30.323872,60.055807,Верный,8,2694.0
Культуры проспект 29 к1,30.38061,60.049563,Верный,19,2441.0
Демьяна Бедного 27 к2,30.392216,60.048624,Верный,21,2893.0
Луначарского проспект 1 к1,30.318437,60.043687,Верный,11,2319.0
Комендантский проспект 71,30.221617,60.041099,Верный,7,8343.0
Корнея Чуковского 8,30.455197,60.030443,Верный,26,5812.0
Гражданский проспект 111,30.41621,60.029755,Верный,25,4299.0
Маршака проспект 20,30.45243,60.028406,Верный,20,4519.0
Новоколомяжский проспект 4а,30.298638,60.026963,Верный,7,2512.0
Светлановский проспект 36 к2,30.373279,60.022823,Верный,17,4144.0
Вавиловых 13 к1,30.39262,60.021946,Верный,18,2924.0
Ярославский проспект 63,30.318734,60.02093,Верный,21,1506.0
Северный проспект 75 к1,30.411494,60.020071,Верный,17,2948.0
Планерная 47 к3,30.229711,60.017283,Верный,15,3459.0
Науки проспект 15 лит А,30.379837,60.016132,Верный,15,2325.0
Сизова проспект 30 к4,30.274312,60.013632,Верный,12,2387.0
Тореза проспект 43,30.349169,60.010708,Верный,6,1291.0
Уточкина 3 к3,30.264377,60.010285,Верный,15,3909.0
Камышовая 4 к1,30.253247,60.00487,Верный,26,4314.0
Матроса Железняка 57 лит А,30.316254,60.00029,Верный,11,953.0
Мечникова проспект 19,30.412958,59.98562,Верный,25,3170.0
Кондратьевский проспект 68,30.396896,59.983558,Верный,13,6287.0
Большая Зеленина 6,30.294551,59.959449,Верный,95,5225.0
Мира 3,30.313523,59.959012,Верный,66,2273.0
Коммуны 50,30.490177,59.959345,Верный,16,1854.0
Большая Пушкарская 22,30.30225,59.9583,Верный,41,1114.0
Кораблестроителей 32 к1,30.216793,59.953466,Верный,9,3253.0
Набережная реки Смоленки 3 к2,30.262805,59.94969,Верный,3,1834.0
Энтузиастов проспект 20 к1,30.468312,59.94622,Верный,10,2072.0
Косыгина проспект 27 к1,30.494462,59.944711,Верный,16,3210.0
Индустриальный проспект 15,30.478355,59.941953,Верный,13,2286.0
Басков переулок 4/34,30.354693,59.939739,Верный,100,2588.0
17-я линия В.О. 22 лит В,30.266766,59.938288,Верный,58,1832.0
Гороховая 59,30.328013,59.924226,Верный,84,2773.0
Марата 51,30.350013,59.923473,Верный,154,4685.0
Садовая 78,30.293671,59.919211,Верный,134,2956.0
Большевиков проспект 7 к3,30.47001,59.915057,Верный,19,4012.0
Подвойского 8,30.45844,59.909152,Верный,12,2208.0
Антонова-Овсеенко 7,30.461485,59.906382,Верный,11,3225.0
Промышленная 6,30.272938,59.898778,Верный,42,865.0
Народная 40,30.471178,59.882564,Верный,44,3498.0
Софийская 30 к2,30.406544,59.87645,Верный,9,1673.0
Новоизмайловский проспект 31 к2,30.303831,59.861435,Верный,31,2972.0
Юрия Гагарина проспект 21,30.335065,59.861187,Верный,21,2703.0
Ленинский проспект 82 к1,30.196302,59.858372,Верный,16,6623.0
Адмирала Трибуца 5,30.146266,59.853406,Верный,4,2779.0
Ленинский проспект 109,30.240347,59.851259,Верный,7,2108.0
Народного Ополчения проспект 10,30.282154,59.850156,Верный,1,770.0
Димитрова 16 к1,30.385398,59.848552,Верный,14,2986.0
Петергофское шоссе 45,30.152851,59.848384,Верный,2,1205.0
Ветеранов проспект 171 к5 ст1,30.113109,59.841966,Верный,12,7081.0
Советский проспект 43 к1,30.538246,59.829495,Верный,11,4807.0
Пулковское шоссе 24 к2,30.327151,59.826569,Верный,24,3432.0
Первомайская 5 к1,30.307154,60.046513,Верный,2,20.0
линия 26-я В.О. д 7,30.260523,59.928834,Вкустер,8,1506.0
г Санкт-Петербург Балтийский б-р д 4,30.155636,59.869006,Вкустер,3,1946.0
ул. Белоостровская д.10 к.1,30.326289,59.98507,Вкустер,1,1158.0
г Санкт-Петербург пр-кт Большой П.С. д 29/2,30.299797,59.957895,Вкустер,122,3774.0
пр-кт. Ветеранов д. 175,30.108366,59.838304,Вкустер,5,5266.0
пр-кт. Героев д.33 стр.1,30.150039,59.858286,Вкустер,2,1113.0
ул Грибалёвой д7 к1 стр1,30.35402,59.983283,Вкустер,5,2107.0
Дизельный проезд д11 к1,30.340976,59.819386,Вкустер,4,2714.0
ул Дыбенко д8 к1,30.453724,59.900669,Вкустер,4,1618.0
ул Звёздная д4 к2,30.345459,59.832634,Вкустер,20,2574.0
ул Лидии Зверевой д5 к1,30.254926,60.040923,Вкустер,5,4669.0
Индустриальный пр-кт д11,30.477655,59.938608,Вкустер,11,2625.0
ул. Катерников д. 3 ст. 1,30.15542,59.855087,Вкустер,8,3337.0
Ленинский пр-кт д. 121,30.260765,59.85134,Вкустер,39,3240.0
г.Санкт-Петербург Ленинский пр-кт. д.45 к.1 стр.1,30.159633,59.865325,Вкустер,4,2481.0
Ленинский пр-кт д. 76,30.18793,59.860188,Вкустер,23,7077.0
Лиговский пр-кт д.232,30.344947,59.906359,Вкустер,40,2811.0
Лиговский пр-кт д.271,30.342404,59.905357,Вкустер,14,2344.0
ул. Малая Бухарестская д.12,30.41594,59.847268,Вкустер,3,1077.0
Малодетскосельский пр-кт д. 25/12,30.321707,59.912152,Вкустер,101,2663.0
ул. Марата д. 46,30.351576,59.92456,Вкустер,41,1269.0
ул. Маршала Говорова д. 14,30.267377,59.879818,Вкустер,20,1545.0
Московский пр-кт д. 183/185,30.319848,59.855304,Вкустер,7,2456.0
пр-кт Науки д. 19 к. 1,30.395935,60.01275,Вкустер,30,2845.0
Октябрьская наб. д.44,30.447974,59.894102,Вкустер,4,2543.0
Орлово-Денисовский пр-кт д. 19 к. 4 стр. 1,30.270656,60.055767,Вкустер,8,2367.0
ул. Парашютная д.32 стр.1,30.255241,60.025983,Вкустер,6,2269.0
ул. Пейзажная д.4 к.1 стр.1,30.481419,60.013479,Вкустер,7,2178.0
ул. Плесецкая д. 10,30.214808,60.03371,Вкустер,2,4355.0
Сапёрный пер. д. 16/36,30.359868,59.941096,Вкустер,129,3415.0
Северный пр-кт д129 стр1,30.452969,60.000438,Вкустер,8,733.0
ул. Среднерогатская д. 13 к. 1 стр. 1,30.332298,59.821956,Вкустер,5,5047.0
ул. Среднерогатская д. 16 к. 2 стр. 1,30.34138,59.822919,Вкустер,7,4719.0
Суздальское ш. д. 26 к.1,30.271851,60.058942,Вкустер,7,2267.0
​Санкт-Петербург Торфяная дорога д17 к1 ст1,30.256436,59.995066,Вкустер,2,901.0